<Ui xmlns="http://www.blizzard.com/wow/ui/" xmlns:xsi="http://www.w3.org/2001/XMLSchema-instance" xsi:schemaLocation="http://www.blizzard.com/wow/ui/">

	<!-- Please note that the loading order matters a lot -->
	<Script file="DataSheets.lua"/>
	<Script file="Literature.lua"/>
	<Script file="AdvancedCharacterCheck.lua"/>
	<Script file="Scroller.lua"/>
	<Script file="Updater.lua"/>
	<Script file="Interact.lua"/>
	<Script file="Interface.lua"/>
	<Script file="Stats.lua"/>
	<Script file="Misc.lua"/>
	<Script file="Init.lua"/>
	<Script file="Chat.lua"/>
	<Script file="Hooks.lua"/>
	<Script file="Macros.lua"/>
	<Script file="POI.lua"/>
	<Script file="Search.lua"/>
	<Script file="Quiz.lua"/>
	<Script file="StreamingLoad.lua"/>
	<Script file="Enchants.lua"/>
</Ui>