<Ui xmlns="http://www.blizzard.com/wow/ui/" xmlns:xsi="http://www.w3.org/2001/XMLSchema-instance" xsi:schemaLocation="http://www.blizzard.com/wow/ui/
..\FrameXML\UI.xsd">

	<Frame name="PollToastTemplate" parent="UIParent" enableMouse="true" movable="true" hidden="true" clampedToScreen="true" virtual="true">
		<Size x="278" y="98"/>
	    <!--Interface\BlackMarket\BlackMarketBackground-Tile-->
	    <!--Interface\BankFrame\Bank-Background-->
	    <!--Interface\Collections\CollectionsBackgroundTile-->
	    <!--Interface\GuildBankFrame\GuildVaultBG-->
	    <!--<Backdrop bgFile="Interface\GuildBankFrame\GuildVaultBG" edgeFile="Interface\DialogFrame\UI-DialogBox-Border" tile="true">
			<EdgeSize val="16"/>
			<TileSize val="60"/>
		 	<BackgroundInsets left="5" right="5" top="5" bottom="5"/>
	    </Backdrop>-->
	    <Layers>
			<Layer level="BACKGROUND">
				<Texture parentKey="ToastBG" atlas="LootToast-LessAwesome" useAtlasSize="true">
					<Anchors>
						<Anchor point="TOPLEFT"/>
						<Anchor point="BOTTOMRIGHT"/>
					</Anchors>
				</Texture>
			</Layer>
            <Layer level="OVERLAY">
	            <Texture name="$parentIcon" parentKey="Icon" file="Interface\ICONS\INV_Scroll_11">
	                <Size x="45" y="45" />
	                <Anchors>
	                    <Anchor point="LEFT">
	                        <Offset x="27" y="1" />
	                    </Anchor>
	                </Anchors>
	            </Texture>
            </Layer>
            <Layer level="OVERLAY">
	            <Texture parentKey="iconglow" file="Interface\TUTORIALFRAME\minimap-glow" alphaMode="ADD" hidden="true">
	                <Size x="64" y="64" />
	                <Anchors>
	                    <Anchor point="CENTER" relativeTo="$parentIcon">
	                        <Offset x="7" y="-7" />
	                    </Anchor>
	                </Anchors>
	            </Texture>
            </Layer>
            <Layer level="HIGHLIGHT">
	            <Texture parentKey="highlight" file="Interface\BUTTONS\UI-Panel-Button-Glow" alphaMode="ADD" frameStrata="HIGH">
	            	<TexCoords top="0.6" left="0.76" bottom="0" right="0"/>
	                <Anchors>
	                    <Anchor point="TOPLEFT" x="-20" y="10"/>
	                    <Anchor point="BOTTOMRIGHT" x="20" y="-10"/>
	                </Anchors>
	            </Texture>
            </Layer>
	    </Layers>

		<Scripts>
			<OnLoad>self:RegisterForDrag("LeftButton");</OnLoad>
			<OnDragStart>self:StartMoving();</OnDragStart>
			<OnDragStop>self:StopMovingOrSizing();</OnDragStop>
		</Scripts>
	</Frame>

	<Frame name="RPSCoreFrameworkWorldMapPinTemplate" hidden="true" enableMouse="true" mixin="RPSCoreFrameworkWorldMapPinMixin" virtual="true">
		<Size x="30" y="30"/>
		<Layers>
			<Layer level="OVERLAY">
				<Texture parentKey="texture" setAllPoints="true">
				</Texture>
			</Layer>
		</Layers>
	</Frame>
	
	<Button name="RPSObjectControlButtonTemplate" mixin="ModelControlButtonMixin" virtual="true">
		<Size x="28" y="28"/>
		<Layers>
			<Layer level="BACKGROUND">
				<Texture name="$parentBg" file="Interface\Common\UI-ModelControlPanel" parentKey="bg">
					<Size x="26" y="26"/>
					<Anchors>
						<Anchor point="CENTER"/>
					</Anchors>
					<TexCoords left="0.29687500" right="0.54687500" top="0.14843750" bottom="0.27343750"/>	
				</Texture>
			</Layer>
			<Layer level="ARTWORK">
				<Texture name="$parentIcon" file="Interface\Common\UI-ModelControlPanel" parentKey="icon">
					<Size x="20" y="20"/>
					<Anchors>
						<Anchor point="CENTER"/>
					</Anchors>
				</Texture>
			</Layer>
			<Layer level="HIGHLIGHT">
				<Texture file="Interface\Common\UI-ModelControlPanel">
					<Size x="26" y="26"/>
					<Anchors>
						<Anchor point="CENTER"/>
					</Anchors>
					<TexCoords left="0.57812500" right="0.82812500" top="0.00781250" bottom="0.13281250"/>
				</Texture>
			</Layer>
		</Layers>
		<Scripts>
			<OnMouseDown method="OnMouseDown" />
			<OnMouseUp method="OnMouseUp" />
			<OnClick method="OnClick" />
		</Scripts>
	</Button>
  <Frame name="RPS_DefaultFrame" parent="UIParent" frameStrata="MEDIUM" enableMouse="true" movable="true" clampedToScreen="true" virtual="true">
    <Anchors>
    	<Anchor point="CENTER" />
    </Anchors>
    <Scripts>
    	<OnLoad>tinsert(UISpecialFrames, self:GetName());</OnLoad>
    </Scripts>
    <Backdrop edgeFile="Interface\AchievementFrame\UI-Achievement-WoodBorder" tile="true">
    	<EdgeSize>
    		<AbsValue val="64" />
    	</EdgeSize>
    	<TileSize>
    		<AbsValue val="32" />
    	</TileSize>
    	<BackgroundInsets>
    		<AbsInset left="5" right="5" top="5" bottom="5" />
    	</BackgroundInsets>
    </Backdrop>
    <Layers>
      <Layer level="ARTWORK">
        <Texture file="Interface\AchievementFrame\UI-Achievement-MetalBorder-Left">
          <Size x="16" y="0" />
          <Anchors>
            <Anchor point="TOPLEFT" x="14" y="0" />
            <Anchor point="BOTTOMLEFT" x="14" y="10" />
          </Anchors>
          <TexCoords left="0" right="1" top="0" bottom=".87" />
        </Texture>
        <Texture file="Interface\AchievementFrame\UI-Achievement-MetalBorder-Left">
          <Size x="16" y="0" />
          <Anchors>
            <Anchor point="TOPRIGHT" x="-13" y="-10" />
            <Anchor point="BOTTOMRIGHT" x="-13" y="10" />
          </Anchors>
          <TexCoords left="1" right="0" top=".87" bottom="0" />
        </Texture>
        <Texture file="Interface\AchievementFrame\UI-Achievement-MetalBorder-Top">
          <Size x="450" y="16" />
          <Anchors>
            <Anchor point="BOTTOMLEFT" x="28" y="13" />
            <Anchor point="BOTTOMRIGHT" x="-28" y="13" />
          </Anchors>
          <TexCoords left="0" right=".87" top="1.0" bottom="0" />
        </Texture>
        <Texture file="Interface\AchievementFrame\UI-Achievement-MetalBorder-Top">
          <Size x="450" y="16" />
          <Anchors>
            <Anchor point="TOPLEFT" x="28" y="-12" />
            <Anchor point="TOPRIGHT" x="-28" y="-12" />
          </Anchors>
          <TexCoords left=".87" right="0" top="0" bottom="1" />
        </Texture>
      </Layer>
      <Layer level="OVERLAY" textureSubLevel="1">
        <Texture file="Interface\AchievementFrame\UI-Achievement-MetalBorder-Joint">
          <Size x="32" y="32" />
          <Anchors>
            <Anchor point="TOPLEFT" x="9" y="-7" />
          </Anchors>
          <TexCoords left="1" right="0" top="1" bottom="0" />
        </Texture>
        <Texture file="Interface\AchievementFrame\UI-Achievement-MetalBorder-Joint">
          <Size x="32" y="32" />
          <Anchors>
            <Anchor point="TOPRIGHT" x="-8" y="-7" />
          </Anchors>
          <TexCoords left="0" right="1" top="1" bottom="0" />
        </Texture>
        <Texture file="Interface\AchievementFrame\UI-Achievement-MetalBorder-Joint">
          <Size x="32" y="32" />
          <Anchors>
            <Anchor point="BOTTOMLEFT" x="9" y="8" />
          </Anchors>
          <TexCoords left="1" right="0" top="0" bottom="1" />
        </Texture>
        <Texture file="Interface\AchievementFrame\UI-Achievement-MetalBorder-Joint">
          <Size x="32" y="32" />
          <Anchors>
            <Anchor point="BOTTOMRIGHT" x="-8" y="8" />
          </Anchors>
          <TexCoords left="0" right="1" top="0" bottom="1" />
        </Texture>
      </Layer>
      <Layer level="OVERLAY" textureSubLevel="2">
        <Texture file="Interface\AchievementFrame\UI-Achievement-WoodBorder-Corner">
          <Size x="64" y="64" />
          <Anchors>
            <Anchor point="TOPLEFT" x="4" y="-2" />
          </Anchors>
          <TexCoords left="0" right="1" top="0" bottom="1" />
        </Texture>
        <Texture file="Interface\AchievementFrame\UI-Achievement-WoodBorder-Corner">
          <Size x="64" y="64" />
          <Anchors>
            <Anchor point="TOPRIGHT" x="-4" y="-2" />
          </Anchors>
          <TexCoords left="1" right="0" top="0" bottom="1" />
        </Texture>
        <Texture file="Interface\AchievementFrame\UI-Achievement-WoodBorder-Corner">
          <Size x="64" y="64" />
          <Anchors>
            <Anchor point="BOTTOMLEFT" x="4" y="3" />
          </Anchors>
          <TexCoords left="0" right="1" top="1" bottom="0" />
        </Texture>
        <Texture file="Interface\AchievementFrame\UI-Achievement-WoodBorder-Corner">
          <Size x="64" y="64" />
          <Anchors>
            <Anchor point="BOTTOMRIGHT" x="-4" y="3" />
          </Anchors>
          <TexCoords left="1" right="0" top="1" bottom="0" />
        </Texture>
      </Layer>
      <Layer level="BACKGROUND">
        <Texture name="$parentIcon" parentKey="Icon" file="Interface\Collections\CollectionsBackgroundTile">
          <Color r="1" g="1" b="1" a="0.6" />
          <Anchors>
            <Anchor point="TOPLEFT" x="0" y="0" />
            <Anchor point="BOTTOMRIGHT" x="0" y="0" />
          </Anchors>
        </Texture>
      </Layer>
    </Layers>
  </Frame>

   <EditBox name="RPS_EditBox" enableMouse="false" autoFocus="false" multiline="false" letters="13" virtual="true">
        <Size x="128" y="32"/>
		<Layers>
			<Layer level="BACKGROUND">
				<Texture parentKey="Left" file="Interface\Common\Common-Input-Border">
					<Size x="8" y="20"/>
					<Anchors>
						<Anchor point="LEFT" x="-5" y="0"/>
					</Anchors>
					<TexCoords left="0" right="0.0625" top="0" bottom="0.625"/>
				</Texture>
				<Texture parentKey="Right" file="Interface\Common\Common-Input-Border">
					<Size x="8" y="20"/>
					<Anchors>
						<Anchor point="RIGHT" x="0" y="0"/>
					</Anchors>
					<TexCoords left="0.9375" right="1.0" top="0" bottom="0.625"/>
				</Texture>
				<Texture parentKey="Middle" file="Interface\Common\Common-Input-Border">
					<Size x="10" y="20"/>
					<Anchors>
						<Anchor point="LEFT" relativeKey="$parent.Left" relativePoint="RIGHT"/>
						<Anchor point="RIGHT" relativeKey="$parent.Right" relativePoint="LEFT"/>
					</Anchors>
					<TexCoords left="0.0625" right="0.9375" top="0" bottom="0.625"/>
				</Texture>
			</Layer>
		</Layers>
	    <FontString inherits="ChatFontNormal" />
    </EditBox>

  <Frame name="RPS_EasyDropDownTemplate" virtual="true">
    <Size>
      <AbsDimension x="40" y="32"/>
    </Size>
    <Layers>
      <Layer level="ARTWORK">
        <Texture name="$parentLeft" parentKey="Left" file="Interface\Glues\CharacterCreate\CharacterCreate-LabelFrame">
          <Size>
            <AbsDimension x="25" y="64"/>
          </Size>
          <Anchors>
            <Anchor point="TOPLEFT">
              <Offset>
                <AbsDimension x="0" y="17"/>
              </Offset>
            </Anchor>
          </Anchors>
          <TexCoords left="0" right="0.1953125" top="0" bottom="1"/>
        </Texture>
        <Texture name="$parentMiddle" parentKey="Middle" file="Interface\Glues\CharacterCreate\CharacterCreate-LabelFrame">
          <Size>
            <AbsDimension x="115" y="64"/>
          </Size>
          <Anchors>
            <Anchor point="LEFT" relativeKey="$parent.Left" relativePoint="RIGHT"/>
          </Anchors>
          <TexCoords left="0.1953125" right="0.8046875" top="0" bottom="1"/>
        </Texture>
        <Texture name="$parentRight" parentKey="Right" file="Interface\Glues\CharacterCreate\CharacterCreate-LabelFrame">
          <Size>
            <AbsDimension x="25" y="64"/>
          </Size>
          <Anchors>
            <Anchor point="LEFT" relativeKey="$parent.Middle" relativePoint="RIGHT"/>
          </Anchors>
          <TexCoords left="0.8046875" right="1" top="0" bottom="1"/>
        </Texture>
        <FontString parentKey="Text" name="$parentText" inherits="GameFontHighlightSmall" wordwrap="false" justifyH="RIGHT">
          <Size>
            <AbsDimension x="0" y="10"/>
          </Size>
          <Anchors>
            <Anchor point="RIGHT" relativeKey="$parent.Right">
              <Offset>
                <AbsDimension x="-43" y="2"/>
              </Offset>
            </Anchor>
          </Anchors>
        </FontString>
      </Layer>
      <Layer level="OVERLAY">
        <Texture parentKey="Icon" name="$parentIcon" hidden="true">
          <Size>
            <AbsDimension x="16" y="16"/>
          </Size>
          <Anchors>
            <Anchor point="LEFT">
              <Offset x="30" y="2"/>
            </Anchor>
          </Anchors>
        </Texture>
      </Layer>
    </Layers>
    <Frames>
      <DropDownToggleButton parentKey="Button" name="$parentButton" inherits="UIDropDownMenuButtonScriptTemplate" motionScriptsWhileDisabled="true" >
        <Size>
          <AbsDimension x="24" y="24"/>
        </Size>
        <Anchors>
          <Anchor point="TOPRIGHT" relativeKey="$parent.Right">
            <Offset>
              <AbsDimension x="-16" y="-18"/>
            </Offset>
          </Anchor>
        </Anchors>
        <NormalTexture name="$parentNormalTexture" parentKey="NormalTexture" file="Interface\ChatFrame\UI-ChatIcon-ScrollDown-Up">
          <Size>
            <AbsDimension x="24" y="24"/>
          </Size>
          <Anchors>
            <Anchor point="RIGHT"/>
          </Anchors>
        </NormalTexture>
        <PushedTexture name="$parentPushedTexture" parentKey="PushedTexture" file="Interface\ChatFrame\UI-ChatIcon-ScrollDown-Down">
          <Size>
            <AbsDimension x="24" y="24"/>
          </Size>
          <Anchors>
            <Anchor point="RIGHT"/>
          </Anchors>
        </PushedTexture>
        <DisabledTexture name="$parentDisabledTexture" parentKey="DisabledTexture" file="Interface\ChatFrame\UI-ChatIcon-ScrollDown-Disabled">
          <Size>
            <AbsDimension x="24" y="24"/>
          </Size>
          <Anchors>
            <Anchor point="RIGHT"/>
          </Anchors>
        </DisabledTexture>
        <HighlightTexture name="$parentHighlightTexture" parentKey="HighlightTexture" file="Interface\Buttons\UI-Common-MouseHilight" alphaMode="ADD">
          <Size>
            <AbsDimension x="24" y="24"/>
          </Size>
          <Anchors>
            <Anchor point="RIGHT"/>
          </Anchors>
        </HighlightTexture>
      </DropDownToggleButton>
    </Frames>
  </Frame>
</Ui>
