<Ui
    xmlns="http://www.blizzard.com/wow/ui/"
    xmlns:xsi="http://www.w3.org/2001/XMLSchema-instance">
	<Button name="PollToast" inherits="PollToastTemplate">
		<Size x="298" y="86"/>
		<Anchors>
			<Anchor point="BOTTOM" x="0" y="150"/>
		</Anchors>
		<Layers>
			<Layer>
                <FontString parentKey="text" inherits="GameFontNormalMed2" justifyH="CENTER" justifyV="MIDDLE" wordwrap="true" text="Доступен новый вопрос!">
                	<Color r="0.80" g="0.60" b="0"/>
                    <Anchors>
                        <Anchor point="TOPLEFT" x="70" y="-8"/>
                        <Anchor point="BOTTOMRIGHT" x="-10" y="15"/>
                    </Anchors>
					<Shadow>
						<Offset x="1" y="1" />
						<Color r="0" g="0" b="0"/>
					</Shadow>
                </FontString>
			</Layer>
		</Layers>

		<Frames>
			<Button parentKey="Close" inherits="UIPanelCloseButton" frameStrata="PARENT">
                <Size x="20" y="20"/>
                <Anchors>
                    <Anchor point="TOPRIGHT" x="-7" y="-7"/>
                </Anchors>
                <Scripts>
                	<OnClick>
				        RPSCoreFramework:CancelTimer(RPSCoreFramework.PollTimer.Timer);
				        RPSCoreFramework:QuizDecline();
				        PollToast:Hide();
                	</OnClick>
                </Scripts>
            </Button>

			<StatusBar name="$parentStatusBar" hidden="false" minValue="1" maxValue="120" defaultValue="120" orientation="HORIZONTAL" frameStrata="PARENT">
				<Size x="160" y="2"/>
				<Anchors>
					<Anchor point="BOTTOM" x="29" y="30"/>
				</Anchors>
				<BarTexture file="Interface/TargetingFrame/UI-StatusBar"/>
				<Layers>
					<Layer level="OVERLAY">
						<FontString parentKey="Text" inherits="TextStatusBarText">
							<Anchors>
								<Anchor point="CENTER" x="0" y="0"/>
							</Anchors>
						</FontString>
						<Texture parentKey="Left" file="Interface\PetBattles\PetJournal">
							<Anchors>
								<Anchor point="RIGHT" relativePoint="LEFT"  x="9" y="0"/>
							</Anchors>
							<Size x="11" y="11"/>	
							<TexCoords left="0.02734375" right="0.04882813" top="0.00976563" bottom="0.02050781"/>	
						</Texture>
						<Texture parentKey="Right" file="Interface\PetBattles\PetJournal">
							<Anchors>
								<Anchor point="LEFT" relativePoint="RIGHT"  x="-9" y="0"/>
							</Anchors>
							<Size x="11" y="11"/>	
							<TexCoords left="0.07812500" right="0.09960938" top="0.00976563" bottom="0.02050781"/>	
						</Texture>
						<Texture file="Interface\PetBattles\PetJournal">
							<Anchors>
								<Anchor point="TOPLEFT" relativeKey="$parent.Left" relativePoint="TOPRIGHT"/>
								<Anchor point="BOTTOMRIGHT" relativeKey="$parent.Right" relativePoint="BOTTOMLEFT"/>
							</Anchors>
							<TexCoords left="0.05273438" right="0.07421875" top="0.00976563" bottom="0.02050781"/>	
						</Texture>
					</Layer>
					<Layer level="BACKGROUND">
						<Texture parentKey="Bg" file="Interface\PetBattles\PetJournal">
							<Anchors>
								<Anchor point="TOPLEFT" relativeKey="$parent.Left" x="2"/>
								<Anchor point="BOTTOMRIGHT" relativeKey="$parent.Right" x="-2"/>
							</Anchors>
							<TexCoords left="0.00195313" right="0.02343750" top="0.00976563" bottom="0.02050781"/>	
						</Texture>
					</Layer>
				</Layers>
				<Scripts>
					<OnLoad>
						self.Bg:SetDesaturated(true)
					</OnLoad>
				</Scripts>
				<BarColor r="1.0" g="0.61" b="0"/>
			</StatusBar>

		</Frames>

		<Scripts>
			<OnShow>
				self.FadeIn:Play()
				self:RegisterForClicks("AnyUp");				
				RPSCoreFramework:CancelTimer(RPSCoreFramework.PollTimer.Timer)
				RPSCoreFramework.PollTimer.Counter = 120;
				RPSCoreFramework.PollTimer.Timer = RPSCoreFramework:ScheduleRepeatingTimer("SchedulePollTimer", 1);
			</OnShow>
			<OnEnter>
				GameTooltip:ClearLines();
				GameTooltip:SetOwner(self, "ANCHOR_CURSOR");
				GameTooltip:AddLine("Новый вопрос викторины!");
				GameTooltip:AddLine("|cFFFF8040ЛКМ|r: Перейти к вопросу|n|cFFFF8040ПКМ|r: Закрыть окно");
				GameTooltip:Show();
			</OnEnter>
			<OnLeave>
				GameTooltip:ClearLines();
				GameTooltip:Hide();
			</OnLeave>
			<OnClick>
				PollToast:EnableMouse(false);
				if (button == "RightButton") then
					self.FadeOut:Play();
					RPSCoreFramework:CancelTimer(RPSCoreFramework.PollTimer.Timer);
					RPSCoreFramework:QuizDecline();
				elseif (button == "LeftButton") then
					self.FadeOut:Play();
					RPSCoreFramework:CancelTimer(RPSCoreFramework.PollTimer.Timer);
					RPSCoreFramework:QuizAccept();
				end
			</OnClick>
		</Scripts>
		<Animations>
		     <AnimationGroup parentKey="FadeIn" setToFinalAlpha="true">
		       <Alpha duration="1.3" order="1" fromAlpha="0" toAlpha="1"/>
		       <Scripts>
		       	<OnFinished>
		       		PollToast:EnableMouse(true);
		       	</OnFinished>
		       </Scripts>
		     </AnimationGroup>
		     <AnimationGroup parentKey="FadeOut" setToFinalAlpha="true">
		       <Alpha duration="0.5" order="1" fromAlpha="1" toAlpha="0"/>
				<Scripts>
					<OnFinished>
						PollToast:Hide();
					</OnFinished>
				</Scripts>
		     </AnimationGroup>
		</Animations>
	</Button>

</Ui>
