<Ui
    xmlns="http://www.blizzard.com/wow/ui/"
    xmlns:xsi="http://www.w3.org/2001/XMLSchema-instance">
	<Frame name="RPSStreamingLoad" toplevel="true" alpha="0" parent="UIParent" hidden="true">
		<Animations>
			<AnimationGroup parentKey="FadeIN">
				<Alpha target="RPSStreamingLoad" order="1" fromAlpha="0" toAlpha="1" duration="2" />
				<Scripts>
					<OnFinished>
						RPSCoreFramework:StreamingLoad_FadeIN_OnFinished();
					</OnFinished>
					<OnStop>
						RPSCoreFramework:StreamingLoad_FadeIN_OnFinished();
					</OnStop>
				</Scripts>
			</AnimationGroup>
			<AnimationGroup parentKey="FadeOUT">
				<Alpha target="RPSStreamingLoad" order="1" fromAlpha="1" toAlpha="0" startDelay="3" duration="10" />
				<Scripts>
					<OnFinished>
						RPSCoreFramework:StreamingLoad_FadeOUT_OnFinished();
					</OnFinished>
					<OnStop>
						RPSCoreFramework:StreamingLoad_FadeOUT_OnFinished();
					</OnStop>
				</Scripts>
			</AnimationGroup>
			<AnimationGroup parentKey="Loop" looping="REPEAT" >
				<Rotation target="RPSStreamingLoadSpin" order="1" duration="8" degrees="-360" />
			</AnimationGroup>
		</Animations>
		<Anchors>
			<Anchor point="LEFT" relativeTo="BuffFrame" relativePoint="RIGHT" >
				<Offset>
					<AbsDimension x="-8" y="9"/>
				</Offset>
			</Anchor>
		</Anchors>
		<Size x="48" y="48"/>
		<Frames>
            <Frame name="$parentFrame" setAllPoints="true" >
				<Layers>
					<Layer level="BACKGROUND">
						<Texture file="Interface\COMMON\StreamBackground" name="$parentBackground" setAllPoints="true" />
					</Layer>
					<Layer level="ARTWORK">
						<Texture file="Interface\COMMON\StreamFrame" name="$parentAlpha" setAllPoints="true" />
					</Layer>
				</Layers>
			</Frame>
			<Frame name="$parentSpin" setAllPoints="true" >
				<Layers>
					<Layer level="BACKGROUND">
						<Texture file="Interface\COMMON\StreamCircle" name="$parentSpinner" setAllPoints="true" />
					</Layer>
					<Layer level="OVERLAY" >
						<Texture file="Interface\COMMON\StreamSpark" setAllPoints="true" />
					</Layer>
				</Layers>
			</Frame>
		</Frames>
        <Scripts>
            <OnEnter>
                if(self.tooltip ~= nil) then
					GameTooltip:SetOwner(self, "ANCHOR_LEFT");
                    GameTooltip:SetText(RPSStreamingLoad.tooltip);
                end
            </OnEnter>
            <OnLeave>
            	GameTooltip_Hide();
            </OnLeave>
		</Scripts>
	</Frame>
</Ui>