 <Ui xmlns="http://www.blizzard.com/wow/ui/"
       xmlns:xsi="http://www.w3.org/2001/XMLSchema-instance">
	<Frame name="RPS_SimpleIcon" virtual="true">
		<Size x="35" y="35"/>
		<Layers>
			<Layer level="BACKGROUND">
				<Texture name="$parentIcon" parentKey="Icon" file="Interface\ICONS\INV_Misc_QuestionMark">
					<Anchors>
						<Anchor point="TOPLEFT" x="0" y="0"/>
						<Anchor point="BOTTOMRIGHT" x="0" y="0"/>
					</Anchors>
				</Texture>
			</Layer>
		</Layers>
	</Frame>

	<Frame name="RPS_FieldSetFrame" virtual="true">
		<Backdrop bgFile="Interface\DialogFrame\UI-DialogBox-Background" edgeFile="Interface\Tooltips\UI-Tooltip-Border" tile="true">
			<EdgeSize val="16"/>
			<TileSize val="380" />
			<BackgroundInsets left="3" right="3" top="3" bottom="3" />
		</Backdrop>
		<Frames>
			<Frame name="$parentCaptionPanel" parentKey="caption">
				<Backdrop bgFile="Interface\BankFrame\Bank-Background" edgeFile="Interface\Tooltips\UI-Tooltip-Border" tile="true">
					<EdgeSize val="16"/>
					<TileSize>
						<AbsValue val="100"/>
					</TileSize>
					<BackgroundInsets>
						<AbsInset left="4" right="2" top="2" bottom="2"/>
					</BackgroundInsets>
				</Backdrop>
				<Size x="150" y="23"/>
				<Layers>
					<Layer level="OVERLAY">
						<FontString name="$parentCaption" text="[Caption text]" inherits="GameFontNormal" wordwrap="false">
							<Anchors>
								<Anchor point="LEFT" x="10" y="0"/>
								<Anchor point="RIGHT" x="-10" y="0"/>
							</Anchors>
							<Color r="0.95" g="0.95" b="0.95"/>
						</FontString>
					</Layer>
				</Layers>
				<Anchors>
					<Anchor point="TOPLEFT" x="16" y="10"/>
				</Anchors>
			</Frame>
		</Frames>
	</Frame>

	<Button name="RPS_ActionButton" virtual="true">
		<Size x="24" y="24"/>
		<NormalTexture file="Interface\CHATFRAME\UI-ChatIcon-Share"/>
		<PushedTexture file="Interface\CHATFRAME\UI-ChatIcon-Share"/>
		<HighlightTexture file="Interface\CHATFRAME\UI-ChatIcon-BlinkHilight" alphaMode="ADD"/>
		<Scripts>
		</Scripts>
	</Button>

	<Frame name="RPS_AltHoveredFrame" virtual="true">
		<Backdrop edgeFile="Interface\DialogFrame\UI-DialogBox-Gold-Border">
			<EdgeSize>
				<AbsValue val="26"/>
			</EdgeSize>
		</Backdrop>
		<Size x="220" y="100"/>
		<Layers>
			<Layer level="BACKGROUND">
				<Texture parentKey="Background" file="Interface\Collections\CollectionsBackgroundTile" horizTile="true" vertTile="true">
					<Size x="256" y="256"/>
					<Anchors>
						<Anchor point="TOP" x="0" y="-5"/>
						<Anchor point="BOTTOM" x="0" y="5"/>
						<Anchor point="LEFT" x="5" y="0"/>
						<Anchor point="RIGHT" x="-5" y="0"/>
					</Anchors>
				</Texture>
			</Layer>
			<Layer level="ARTWORK">
				<Texture parentKey="ArrowUP" inherits="HelpPlateArrowDOWN" hidden="true">
					<Size x="53" y="21"/>
					<Anchors>
						<Anchor point="TOP" relativePoint="BOTTOM" x="0" y="3"/>
					</Anchors>
				</Texture>
				<Texture parentKey="ArrowDOWN" inherits="HelpPlateArrowUP" hidden="true">
					<Size x="53" y="21"/>
					<Anchors>
						<Anchor point="BOTTOM" relativePoint="TOP" x="0" y="-3"/>
					</Anchors>
				</Texture>
				<Texture parentKey="ArrowRIGHT" inherits="HelpPlateArrowDOWN" hidden="true">
					<Size x="53" y="21"/>
					<Anchors>
						<Anchor point="RIGHT" relativePoint="LEFT" x="3" y="0"/>
					</Anchors>
				</Texture>
				<Texture parentKey="ArrowLEFT" inherits="HelpPlateArrowDOWN" hidden="true">
					<Size x="53" y="21"/>
					<Anchors>
						<Anchor point="LEFT" relativePoint="RIGHT" x="-3" y="0"/>
					</Anchors>
				</Texture>

				<Texture parentKey="BGCornerTopLeft" atlas="collections-background-corner" useAtlasSize="false">
					<Size x="50" y="50"/>
					<Anchors>
						<Anchor point="TOPLEFT" x="9" y="-8"/>
					</Anchors>
				</Texture>

				<Texture parentKey="BGCornerTopRight" atlas="collections-background-corner" useAtlasSize="false">
					<Size x="50" y="50"/>
					<Anchors>
						<Anchor point="TOPRIGHT" x="-9" y="-8"/>
					</Anchors>
					<TexCoords left="1.0" right="0.0" top="0.0" bottom="1.0"/>
				</Texture>

				<Texture parentKey="BGCornerBottomLeft" atlas="collections-background-corner" useAtlasSize="false">
					<Size x="50" y="50"/>
					<Anchors>
						<Anchor point="BOTTOMLEFT" x="9" y="8"/>
					</Anchors>
					<TexCoords left="0.0" right="1.0" top="1.0" bottom="0.0"/>
				</Texture>

				<Texture parentKey="BGCornerBottomRight" atlas="collections-background-corner" useAtlasSize="false">
					<Size x="50" y="50"/>
					<Anchors>
						<Anchor point="BOTTOMRIGHT" x="-9" y="8"/>
					</Anchors>
					<TexCoords left="1.0" right="0.0" top="1.0" bottom="0.0"/>
				</Texture>
			</Layer>
		</Layers>
		<Scripts>
			<OnLoad>
				SetClampedTextureRotation(self.ArrowLEFT, 270);
				SetClampedTextureRotation(self.ArrowRIGHT, 90);
			</OnLoad>
		</Scripts>
		<Animations>
			<AnimationGroup parentKey="showAnimationFromRight">
				<Translation offsetX="-10"  duration="0"/>
				<Translation offsetX="10" duration="0.2" smoothing="OUT"/>
				<Alpha fromAlpha="0" toAlpha="1" duration="0.3" smoothing="OUT"/>
			</AnimationGroup>
			<AnimationGroup parentKey="showAnimationFromLeft">
				<Translation offsetX="10"  duration="0"/>
				<Translation offsetX="-10" duration="0.2" smoothing="OUT"/>
				<Alpha fromAlpha="0" toAlpha="1" duration="0.3" smoothing="OUT"/>
			</AnimationGroup>
			<AnimationGroup parentKey="showAnimationFromTop">
				<Translation offsetY="10"  duration="0"/>
				<Translation offsetY="-10" duration="0.2" smoothing="OUT"/>
				<Alpha fromAlpha="0" toAlpha="1" duration="0.3" smoothing="OUT"/>
			</AnimationGroup>
			<AnimationGroup parentKey="showAnimationFromBottom">
				<Translation offsetY="-10"  duration="0"/>
				<Translation offsetY="10" duration="0.2" smoothing="OUT"/>
				<Alpha fromAlpha="0" toAlpha="1" duration="0.3" smoothing="OUT"/>
			</AnimationGroup>
		</Animations>
	</Frame>

	<Frame name="RPS_SmallerStandardParchmentFrame" virtual="true">
		<Layers>
			<Layer level="BORDER">
				<!-- CORNERS -->
				<Texture parentKey="BorderTopLeft" file="Interface\QuestionFrame\Question-Main">
					<Size x="105" y="79"/>
					<Anchors>
						<Anchor point="TOPLEFT" x="0" y="0"/>
					</Anchors>
					<TexCoords left="0.00195313" right="0.41015625" top="0.61718750" bottom="0.92578125"/>
				</Texture>

				<Texture parentKey="BorderTopRight" file="Interface\QuestionFrame\Question-Main">
					<Size x="105" y="79"/>
					<Anchors>
						<Anchor point="TOPRIGHT" x="0" y="0"/>
					</Anchors>
					<TexCoords left="0.41406250" right="0.82031250" top="0.61718750" bottom="0.92578125"/>
				</Texture>

				<Texture parentKey="BorderBottomLeft" file="Interface\QuestionFrame\Question-Main">
					<Size x="105" y="79"/>
					<Anchors>
						<Anchor point="BOTTOMLEFT" x="0" y="0"/>
					</Anchors>
					<TexCoords left="0.00195313" right="0.41015625" top="0.30468750" bottom="0.61328125"/>
				</Texture>

				<Texture parentKey="BorderBottomRight" file="Interface\QuestionFrame\Question-Main">
					<Size x="105" y="79"/>
					<Anchors>
						<Anchor point="BOTTOMRIGHT" x="0" y="0"/>
					</Anchors>
					<TexCoords left="0.41406250" right="0.82226563" top="0.30468750" bottom="0.61328125"/>
				</Texture>

				<!-- BORDERS -->
				<Texture parentKey="BorderLeft" file="Interface\QuestionFrame\Question-Vtile" vertTile="true">
					<Size x="47" y="128"/>
					<Anchors>
						<Anchor point="LEFT" x="2" y="0"/>
						<Anchor point="TOP" relativeKey="$parent.BorderTopLeft" relativePoint="BOTTOM"/>
						<Anchor point="BOTTOM" relativeKey="$parent.BorderBottomLeft" relativePoint="TOP"/>
					</Anchors>
					<TexCoords left="0.00390625" right="0.36718750" top="0.00000000" bottom="1.00000000"/>
				</Texture>

				<Texture parentKey="BorderRight" file="Interface\QuestionFrame\Question-Vtile" vertTile="true">
					<Size x="47" y="128"/>
					<Anchors>
						<Anchor point="RIGHT" x="0" y="0"/>
						<Anchor point="TOP" relativeKey="$parent.BorderTopRight" relativePoint="BOTTOM"/>
						<Anchor point="BOTTOM" relativeKey="$parent.BorderBottomRight" relativePoint="TOP"/>
					</Anchors>
					<TexCoords left="0.37500000" right="0.74218750" top="0.00000000" bottom="1.00000000"/>
				</Texture>

				<Texture parentKey="BottomBorder" file="Interface\QuestionFrame\Question-HTile" horizTile="true">
					<Size x="128" y="42"/>
					<Anchors>
						<Anchor point="BOTTOMLEFT" relativeKey="$parent.BorderBottomLeft" relativePoint="BOTTOMRIGHT" y="2"/>
						<Anchor point="BOTTOMRIGHT" relativeKey="$parent.BorderBottomRight" relativePoint="BOTTOMLEFT" y="2"/>
					</Anchors>
					<TexCoords left="0.00000000" right="1.00000000" top="0.17187500" bottom="0.33984375"/>
				</Texture>

				<Texture parentKey="TopBorder" file="Interface\QuestionFrame\Question-HTile" horizTile="true">
					<Size x="128" y="44"/>
					<Anchors>
						<Anchor point="TOPLEFT" relativeKey="$parent.BorderTopLeft" relativePoint="TOPRIGHT" y="-1"/>
						<Anchor point="TOPRIGHT" relativeKey="$parent.BorderTopRight" relativePoint="TOPLEFT" y="-1"/>
					</Anchors>
					<TexCoords left="0.00000000" right="1.00000000" top="0.34375000" bottom="0.52148438"/>
				</Texture>
			</Layer>
			<Layer level="BACKGROUND">
				<Texture parentKey="bTile" file="Interface\QuestionFrame\question-background" vertTile="true" horizTile="true">
					<Anchors>
						<Anchor point="TOPLEFT" x="20" y="-20"/>
						<Anchor point="BOTTOMRIGHT" x="-20" y="20"/>
					</Anchors>
				</Texture>
				<Texture parentKey="bNotTile" file="Interface\QuestionFrame\question-background" hidden="true">
					<Anchors>
						<Anchor point="TOPLEFT" x="20" y="-20"/>
						<Anchor point="BOTTOMRIGHT" x="-20" y="20"/>
					</Anchors>
				</Texture>
			</Layer>
		</Layers>
		<Anchors>
			<Anchor point="CENTER" x="0" y="0"/>
		</Anchors>
	</Frame>

	<Frame name="RPS_StandardParchmentFrame" virtual="true">
		<Layers>
			<Layer level="ARTWORK">
				<!-- CORNERS -->
				<Texture parentKey="BorderTopLeft" file="Interface\QuestionFrame\Question-Main">
					<Size x="209" y="158"/>
					<Anchors>
						<Anchor point="TOPLEFT" x="0" y="0"/>
					</Anchors>
					<TexCoords left="0.00195313" right="0.41015625" top="0.61718750" bottom="0.92578125"/>
				</Texture>
				<Texture parentKey="BorderTopRight" file="Interface\QuestionFrame\Question-Main">
					<Size x="209" y="158"/>
					<Anchors>
						<Anchor point="TOPRIGHT" x="0" y="0"/>
					</Anchors>
					<TexCoords left="0.41406250" right="0.82031250" top="0.61718750" bottom="0.92578125"/>
				</Texture>
				<Texture parentKey="BorderBottomLeft" file="Interface\QuestionFrame\Question-Main">
					<Size x="209" y="158"/>
					<Anchors>
						<Anchor point="BOTTOMLEFT" x="0" y="0"/>
					</Anchors>
					<TexCoords left="0.00195313" right="0.41015625" top="0.30468750" bottom="0.61328125"/>
				</Texture>
				<Texture parentKey="BorderBottomRight" file="Interface\QuestionFrame\Question-Main">
					<Size x="209" y="158"/>
					<Anchors>
						<Anchor point="BOTTOMRIGHT" x="0" y="0"/>
					</Anchors>
					<TexCoords left="0.41406250" right="0.82226563" top="0.30468750" bottom="0.61328125"/>
				</Texture>

				<!-- BORDERS -->
				<Texture parentKey="BorderLeft" file="Interface\QuestionFrame\Question-Vtile" vertTile="true">
					<Size x="93" y="256"/>
					<Anchors>
						<Anchor point="LEFT" x="2" y="0"/>
						<Anchor point="TOP" relativeKey="$parent.BorderTopLeft" relativePoint="BOTTOM"/>
						<Anchor point="BOTTOM" relativeKey="$parent.BorderBottomLeft" relativePoint="TOP"/>
					</Anchors>
					<TexCoords left="0.00390625" right="0.36718750" top="0.00000000" bottom="1.00000000"/>
				</Texture>
				<Texture parentKey="BorderRight" file="Interface\QuestionFrame\Question-Vtile" vertTile="true">
					<Size x="94" y="256"/>
					<Anchors>
						<Anchor point="RIGHT" x="0" y="0"/>
						<Anchor point="TOP" relativeKey="$parent.BorderTopRight" relativePoint="BOTTOM"/>
						<Anchor point="BOTTOM" relativeKey="$parent.BorderBottomRight" relativePoint="TOP"/>
					</Anchors>
					<TexCoords left="0.37500000" right="0.74218750" top="0.00000000" bottom="1.00000000"/>
				</Texture>
				<Texture parentKey="BottomBorder" file="Interface\QuestionFrame\Question-HTile" horizTile="true">
					<Size x="256" y="86"/>
					<Anchors>
						<Anchor point="BOTTOMLEFT" relativeKey="$parent.BorderBottomLeft" relativePoint="BOTTOMRIGHT"
								y="2"/>
						<Anchor point="BOTTOMRIGHT" relativeKey="$parent.BorderBottomRight" relativePoint="BOTTOMLEFT"
								y="2"/>
					</Anchors>
					<TexCoords left="0.00000000" right="1.00000000" top="0.17187500" bottom="0.33984375"/>
				</Texture>
				<Texture parentKey="TopBorder" file="Interface\QuestionFrame\Question-HTile" horizTile="true">
					<Size x="256" y="91"/>
					<Anchors>
						<Anchor point="TOPLEFT" relativeKey="$parent.BorderTopLeft" relativePoint="TOPRIGHT" y="-1"/>
						<Anchor point="TOPRIGHT" relativeKey="$parent.BorderTopRight" relativePoint="TOPLEFT" y="-1"/>
					</Anchors>
					<TexCoords left="0.00000000" right="1.00000000" top="0.34375000" bottom="0.52148438"/>
				</Texture>
			</Layer>
			<Layer level="BACKGROUND">
				<Texture parentKey="bTile" file="Interface\QuestionFrame\question-background" vertTile="true" horizTile="true">
					<Anchors>
						<Anchor point="TOPLEFT" x="20" y="-20"/>
						<Anchor point="BOTTOMRIGHT" x="-20" y="20"/>
					</Anchors>
				</Texture>
				<Texture parentKey="bNotTile" file="Interface\QuestionFrame\question-background" hidden="true">
					<Anchors>
						<Anchor point="TOPLEFT" x="20" y="-20"/>
						<Anchor point="BOTTOMRIGHT" x="-20" y="20"/>
					</Anchors>
				</Texture>
			</Layer>
		</Layers>
		<Anchors>
			<Anchor point="CENTER" x="0" y="0"/>
		</Anchors>
	</Frame>

	<Frame name="RPS_TextAreaBase" virtual="true" enableMouse="true">
		<Frames>
			<ScrollFrame parentKey="scroll" name="$parentScroll" inherits="UIPanelScrollFrameTemplate">
				<Anchors>
					<Anchor point="TOP" x="0" y="-8"/>
					<Anchor point="BOTTOM" x="0" y="2"/>
					<Anchor point="LEFT" x="15" y="0"/>
					<Anchor point="RIGHT" x="-25" y="0"/>
				</Anchors>
				<ScrollChild>
					<EditBox name="$parentText" parentKey="text" multiLine="true" enableMouse="false" autoFocus="false">
						<Anchors>
							<Anchor point="TOPLEFT" x="0" y="-4"/>
							<Anchor point="BOTTOMRIGHT" x="0" y="12"/>
						</Anchors>
						<Scripts>
							<OnShow>
								self:SetWidth(self:GetParent():GetParent():GetWidth() - 40);
							</OnShow>
							<OnTextChanged>
								if self:IsVisible() and self:GetCursorPosition() == string.len(self:GetText()) then
									self:GetParent():SetVerticalScroll(self:GetParent():GetVerticalScrollRange());
								end
							</OnTextChanged>
							<OnEscapePressed>
								self:ClearFocus();
							</OnEscapePressed>
							<OnEditFocusGained>
								self:HighlightText();
								self:GetParent():GetParent().dummy:Hide();
							</OnEditFocusGained>
							<OnEditFocusLost>
								self:HighlightText(0,0);
								self:GetParent():GetParent().dummy:Show();
							</OnEditFocusLost>
						</Scripts>
						<FontString inherits="ChatFontNormal"/>
					</EditBox>
				</ScrollChild>
			</ScrollFrame>
			<Button name="$parentFocusDummy" parentKey="dummy">
				<Anchors>
					<Anchor point="TOP" x="0" y="5"/>
					<Anchor point="BOTTOM" x="0" y="-5"/>
					<Anchor point="LEFT" x="0" y="0"/>
					<Anchor point="RIGHT" x="-10" y="0"/>
				</Anchors>
				<Scripts>
					<OnClick>
						self:GetParent().scroll.text:SetFocus();
					</OnClick>
				</Scripts>
			</Button>
		</Frames>
	</Frame>

	<Frame name="RPS_TextArea" inherits="RPS_TextAreaBase" virtual="true" enableMouse="true">
		<Layers>
			<Layer level="BACKGROUND">
				<Texture file="Interface\DialogFrame\UI-DialogBox-Background" horizTile="true" vertTile="true">
					<Anchors>
						<Anchor point="TOPLEFT" relativePoint="TOPLEFT" x="3" y="-4"/>
						<Anchor point="BOTTOMRIGHT" relativePoint="BOTTOMRIGHT" x="-5" y="2"/>
					</Anchors>
				</Texture>
			</Layer>
			<Layer level="BORDER" textureSubLevel="1">
				<Texture name="$parentInsetBotLeftCorner" inherits="UI-Frame-InnerBotLeftCorner" parentKey="InsetBorderBottomLeft">
					<Anchors>
						<Anchor point="BOTTOMLEFT" x="2" y="0"/>
					</Anchors>
				</Texture>
				<Texture name="$parentInsetBotRightCorner" inherits="UI-Frame-InnerBotRight" parentKey="InsetBorderBottomRight">
					<Anchors>
						<Anchor point="BOTTOMRIGHT" x="-3" y="0"/>
					</Anchors>
				</Texture>
				<Texture name="$parentInsetTopLeftCorner" inherits="UI-Frame-InnerTopLeft" parentKey="InsetBorderTopLeft">
					<Anchors>
						<Anchor point="TOPLEFT" x="2" y="-3"/>
					</Anchors>
				</Texture>
				<Texture name="$parentInsetTopRightCorner" inherits="UI-Frame-InnerTopRight" parentKey="InsetBorderTopmRight">
					<Anchors>
						<Anchor point="TOPRIGHT" x="-3" y="-3"/>
					</Anchors>
				</Texture>
			</Layer>
			<Layer level="BORDER">
				<Texture name="$parentInsetBottomBorder" inherits="_UI-Frame-InnerBotTile" parentKey="InsetBorderBottom">
					<Anchors>
						<Anchor point="BOTTOMLEFT" relativeKey="$parent.InsetBorderBottomLeft" relativePoint="BOTTOMRIGHT"/>
						<Anchor point="BOTTOMRIGHT" relativeKey="$parent.InsetBorderBottomRight" relativePoint="BOTTOMLEFT"/>
					</Anchors>
				</Texture>

				<Texture name="$parentInsetLeftBorder" inherits="!UI-Frame-InnerLeftTile" parentKey="InsetBorderLeft">
					<Anchors>
						<Anchor point="TOPLEFT" x="2" y="-3"/>
						<Anchor point="BOTTOMLEFT" relativeKey="$parent.InsetBorderBottomLeft" relativePoint="TOPLEFT"/>
					</Anchors>
				</Texture>
				<Texture name="$parentInsetRightBorder" inherits="!UI-Frame-InnerRightTile" parentKey="InsetBorderRight">
					<Anchors>
						<Anchor point="TOPRIGHT" x="-3" y="-3"/>
						<Anchor point="BOTTOMRIGHT" relativeKey="$parent.InsetBorderBottomRight" relativePoint="TOPRIGHT"/>
					</Anchors>
				</Texture>
				<Texture name="$parentInsetTopBorder" inherits="_UI-Frame-InnerTopTile" parentKey="InsetBorderBottom">
					<Anchors>
						<Anchor point="TOPLEFT" relativeKey="$parent.InsetBorderLeft" relativePoint="TOPLEFT"/>
						<Anchor point="TOPRIGHT" relativeKey="$parent.InsetBorderRight" relativePoint="TOPRIGHT"/>
					</Anchors>
				</Texture>
			</Layer>
		</Layers>
	</Frame>

	<Button name="RPS_QuestPageTemplate" virtual="true" inherits="RPS_SmallerStandardParchmentFrame">
		<Size x="0" y="158"/>
		<Layers>
			<Layer level="ARTWORK" textureSubLevel="2">
				<Texture parentKey="IconBorder" file="Interface\ExtraButton\GarrZoneAbility-BarracksAlliance">
					<Size x="175" y="85"/>
					<Anchors>
						<Anchor point="TOP" x="0" y="15"/>
					</Anchors>
				</Texture>
			</Layer>
			<Layer level="ARTWORK" textureSubLevel="1">
				<Texture name="$parentIcon" parentKey="Icon">
					<Size x="35" y="35"/>
					<Anchors>
						<Anchor point="CENTER" relativeKey="$parent.IconBorder" x="1" y="0"/>
					</Anchors>
				</Texture>
			</Layer>
			<Layer level="OVERLAY">
				<Texture parentKey="Completed" file="Interface\RAIDFRAME\ReadyCheck-Ready" hidden="true">
					<Size x="38" y="38"/>
					<Anchors>
						<Anchor point="CENTER" relativeKey="$parent.Icon" x="0" y="0"/>
					</Anchors>
				</Texture>
				<Texture parentKey="banner" file="Interface\QuestionFrame\TitleBanner" alpha="0.85">
					<Size x="256" y="64"/>
					<Anchors>
						<Anchor point="CENTER" relativeKey="$parent.IconBorder" x="1" y="-60"/>
					</Anchors>
				</Texture>
				<FontString name="$parentName" inherits="SystemFont_Med1" parentKey="name" text="TEXT">
					<Size x="150" y="0"/>
					<Anchors>
						<Anchor point="CENTER" relativeKey="$parent.banner" x="0" y="18"/>
					</Anchors>
					<Color r="0.2824" g="0.0157" b="0.0157"/>
				</FontString>

				<FontString name="$parentRange" font="SystemFont_Med1" justifyH="LEFT" parentKey="range" text="[LVL]">
					<Size x="120" y="12"/>
					<Anchors>
						<Anchor point="TOPLEFT" x="30" y="-25"/>
					</Anchors>
					<Color r="0.2824" g="0.0157" b="0.0157"/>
				</FontString>

				<FontString font="SystemFont_Med1" justifyH="LEFT" justifyV="TOP" wordwrap="true" parentKey="Desc">
					<Size x="0" y="55"/>
					<Anchors>
						<Anchor point="TOP" relativePoint="BOTTOM" relativeKey="$parent.banner" x="0" y="15"/>
						<Anchor point="RIGHT" x="-35" y="0"/>
						<Anchor point="LEFT" x="35" y="0"/>
					</Anchors>
					<Color r="0.2824" g="0.0157" b="0.0157"/>
				</FontString>
			</Layer>
		</Layers>
		<Frames>
			<Button parentKey="switchButton">
				<Size x="25" y="25"/>
				<Anchors>
					<Anchor point="TOPRIGHT" x="-20" y="-20"/>
				</Anchors>
				<NormalTexture file="Interface\TIMEMANAGER\PauseButton"/>
				<HighlightTexture file="Interface\Buttons\CheckButtonGlow"/>
			</Button>
		</Frames>
	</Button>

	<Button name="RPS_CampaignButtonTemplate" virtual="true" inherits="RPS_AltHoveredFrame">
		<Size x="440" y="60"/>
		<Layers>
			<Layer level="OVERLAY">
				<Texture name="$parentCompleted" file="Interface\RAIDFRAME\ReadyCheck-Ready" hidden="true">
					<Size x="24" y="20"/>
					<Anchors>
						<Anchor point="CENTER" relativeKey="$parent.Icon" x="165" y="0"/>
					</Anchors>
				</Texture>
				<Texture parentKey="banner">
					<Size x="256" y="64"/>
					<Anchors>
						<Anchor point="CENTER" x="1" y="-10"/>
					</Anchors>
				</Texture>

				<Texture parentKey="bannertexture" atlas="GarrMission_RewardsBanner-Desaturate" alpha="0.85">
					<Size x="256" y="54"/>
					<Anchors>
						<Anchor relativeKey="$parent.banner" point="CENTER" x="1" y="15"/>
					</Anchors>
				</Texture>

				<FontString name="$parentName" inherits="SystemFont_Med1" parentKey="name" text="TEXT">
					<Size x="150" y="0"/>
					<Anchors>
						<Anchor point="CENTER" relativeKey="$parent.banner" x="0" y="18"/>
					</Anchors>
					<Color r="0.2824" g="0.0157" b="0.0157"/>
				</FontString>

				<FontString name="$parentDescription" inherits="GameFontNormal" justifyH="CENTER" parentKey="desc" text="[DESCRIPTION]">
					<Size x="256" y="12"/>
					<Anchors>
						<Anchor point="TOP" relativePoint="BOTTOM" relativeKey="$parent.banner" x="0" y="34"/>
					</Anchors>
				</FontString>

				<FontString name="$parentNumber" inherits="GameFontNormalHuge" justifyH="CENTER" parentKey="number" text="№">
					<Size x="42" y="32"/>
					<Anchors>
						<Anchor point="TOPLEFT" relativeKey="$parent.banner" x="-50" y="-7"/>
					</Anchors>
				</FontString>

				<FontString name="$parentPrice" inherits="GameFontHighlight" justifyH="CENTER" parentKey="price" text="1000">
					<Size x="128" y="32"/>
					<Anchors>
						<Anchor point="TOPRIGHT" relativeKey="$parent.banner" x="95" y="-6"/>
					</Anchors>
				</FontString>
			</Layer>
		</Layers>
		<Frames>
			<Button parentKey="macros" name="$parentMacros" inherits="RPS_ActionButton" hidden="true">
				<Anchors>
					<Anchor point="RIGHT" x="-70" y="0" />
				</Anchors>
				<Scripts>
					<OnEnter>
			        	GameTooltip:SetOwner(self, "ANCHOR_CURSOR");
					    GameTooltip:AddLine("|cFFFFFFFFСоздать макрос|r");
					    GameTooltip:AddLine(" ");
					    GameTooltip:AddLine("Создаёт макрос и выбирает его.");
					    GameTooltip:Show();
					</OnEnter>
					<OnLeave>
						GameTooltip:Hide();
					</OnLeave>
					<OnClick>
						RPSCoreFramework:ProcessAurasMacrosOnClick(tostring(self:GetParent():GetName()))
					</OnClick>
				</Scripts>
			</Button>

	        <Button name="$parentFavourites" virtual="true">
	            <Size x="18" y="18"/>
	            <Anchors>
	                <Anchor relativeTo="$parent" relativePoint="TOPRIGHT" x="-33" y="-21"/>
	            </Anchors>
	            <NormalTexture file="Interface/COMMON/ReputationStar">
	                <TexCoords left="0.53125" right="0.96875" top="0.03125" bottom="0.46875"/>
	            </NormalTexture>
	            <PushedTexture file="Interface\COMMON\FavoritesIcon">
	              <TexCoords left="0.03125" right="0.78125" top="0.03125" bottom="0.6875" />
	            </PushedTexture>
	            <HighlightTexture file="Interface\COMMON\ReputationStar-Glow" alphaMode="ADD">
	                <TexCoords left="0.234375" right="0.765625" top="0.265625" bottom="0.828125"/>
	            </HighlightTexture>
	            <Layers>
	              <Layer level="ARTWORK"> 
	                <Texture alphaMode="ADD" name="$parentIndicator" file="Interface\COMMON\FavoritesIcon">
	                  <Size x="16" y="16"/>
	                  <TexCoords left="0.03125" right="0.78125" top="0.03125" bottom="0.6875" />
	                  <Anchors>
	                    <Anchor relativeTo="$parent" relativePoint="TOPRIGHT" x="-16" y="0"/>
	                  </Anchors>
	                </Texture>
	              </Layer>
	            </Layers>
	            <Scripts>
	                <PostClick>
	                    RPSCoreFramework:ProcessFavourites(self:GetName());
	                    if DarkmoonAurasFrameFavCheckBox:GetChecked() then
	                    	RPSCoreFramework:PreGenerateShowAuras();
	                    end
	                    RPSCoreFramework:GenerateScrollMenu();
	                </PostClick>
	                <OnLoad>

	                </OnLoad>
					<OnEnter>
			        	GameTooltip:SetOwner(self, "ANCHOR_CURSOR");
					    GameTooltip:AddLine("|cFFFFFFFFИзбранное|r");
					    GameTooltip:AddLine(" ");
					    GameTooltip:AddLine("Добавить\\исключить ауру из избранного.");
					    GameTooltip:Show();
					</OnEnter>
					<OnLeave>
						GameTooltip:Hide();
					</OnLeave>
	            </Scripts>
	        </Button>
			
		</Frames>
		<HighlightTexture file="Interface\AchievementFrame\UI-Achievement-Category-Highlight" alphaMode="ADD">
			<Color a="0.3" r="1" g="1" b="1" />
			<Anchors>
				<Anchor point="TOPLEFT" x="0" y="0"/>
				<Anchor point="BOTTOMRIGHT" x="0" y="-9"/>
			</Anchors>
			<TexCoords left="0" right="0.6640625" top="0" bottom="1"/>
		</HighlightTexture>
		<Scripts>
			<OnEnter>
				RPSCoreFramework:ProcessAurasOnEnter(self:GetName())
			</OnEnter>
			<OnClick>
				RPSCoreFramework:ProcessAurasOnClick(self:GetName())
			</OnClick>

			<OnLeave>
				GameTooltip:Hide();
			</OnLeave>
		</Scripts>
	</Button>

	<Frame name="RPS_ProfileManagerLine" virtual="true">
		<Backdrop bgFile="Interface\TutorialFrame\TutorialFrameBackground" edgeFile="Interface\Tooltips\UI-Tooltip-Border" tile="true">
			<EdgeSize val="16" />
			<TileSize val="418" />
			<BackgroundInsets left="5" right="3" top="5" bottom="3"/>
		</Backdrop>
		<Size x="0" y="65" />
		<Frames>
			<Frame name="$parentIcon" inherits="TRP3_SimpleIcon">
				<Size x="40" y="40" />
				<Anchors>
					<Anchor point="LEFT" x="15" y="0" />
				</Anchors>
			</Frame>
			<Button name="$parentBound" inherits="UIPanelButtonTemplate" hidden="true">
				<Size x="95" y="25" />
				<Anchors>
					<Anchor point="TOPRIGHT" x="-8" y="-8" />
				</Anchors>
			</Button>
			<Button name="$parentAction" inherits="TRP3_ActionButton">
				<Anchors>
					<Anchor point="BOTTOMRIGHT" x="-4" y="4" />
				</Anchors>
			</Button>
			<Button name="$parentInfo" inherits="TRP3_HelpButton">
				<Anchors>
					<Anchor point="BOTTOMLEFT" relativePoint="BOTTOMRIGHT" relativeTo="$parentIcon" x="5" y="2" />
				</Anchors>
			</Button>
			<Frame name="$parentHighlight" inherits="GlowBorderTemplate" hidden="true">
				<Anchors>
					<Anchor point="TOPLEFT" x="0" y="0"/>
					<Anchor point="BOTTOMRIGHT" x="0" y="0"/>
				</Anchors>
				<Scripts>
					<OnLoad>
						self:SetAlpha(0.55);
					</OnLoad>
				</Scripts>
			</Frame>
		</Frames>
		<Scripts>
			<OnEnter>
				_G[self:GetName().."Highlight"]:Show();
			</OnEnter>
			<OnLeave>
				_G[self:GetName().."Highlight"]:Hide();
			</OnLeave>
		</Scripts>
		<Layers>
			<Layer level="BORDER">
				<FontString name="$parentCurrent" inherits="GameFontNormalSmall" justifyH="RIGHT" text="[current_profile]" hidden="true">
					<Anchors>
						<Anchor point="TOPRIGHT" x="-10" y="-10" />
					</Anchors>
					<Color r="0.0" g="0.95" b="0.0" />
				</FontString>
				<FontString name="$parentName" inherits="GameFontNormalLarge" justifyH="LEFT" text="[PROFILE_NAME]">
					<Size x="0" y="20" />
					<Anchors>
						<Anchor point="TOPLEFT" relativePoint="TOPRIGHT" relativeTo="$parentIcon" x="5" y="0" />
						<Anchor point="RIGHT" relativePoint="LEFT" relativeTo="$parentBound" x="-5" y="0" />
					</Anchors>
					<Color r="0.95" g="0.95" b="0.95" />
				</FontString>
				<FontString name="$parentCount" inherits="GameFontNormalSmall" justifyH="LEFT" text="[PROFILE_COUNT]">
					<Size x="0" y="10" />
					<Anchors>
						<Anchor point="BOTTOMLEFT" relativePoint="BOTTOMRIGHT" relativeTo="$parentIcon" x="25" y="5" />
						<Anchor point="RIGHT" relativePoint="LEFT" relativeTo="$parentAction" x="-5" y="0" />
					</Anchors>
					<Color r="0.95" g="0.75" b="0.10" />
				</FontString>
			</Layer>
			<Layer level="OVERLAY">
				<Texture alphaMode="ADD" alpha="0" name="$parentHighlight" file="Interface/ACHIEVEMENTFRAME/UI-Achievement-Alert-Glow">
					<Size x="150" y="60"/>
					<TexCoords left="0.8" right="1" top="0.1" bottom="0.22" />
					<Anchors>
						<Anchor point="TOPLEFT" x="-20" y="-2"/>
					</Anchors>
					<Animations>
						<AnimationGroup name="$parentAnimate" setToFinalAlpha="true" looping="NONE">
							<Alpha duration="0.4" toAlpha="1" fromAlpha="0" smoothing="IN" order="1"/>
							<Translation duration="0.8" offsetX="400" smoothing="IN_OUT" order="1"/>
							<Alpha duration="0.2" toAlpha="0" fromAlpha="1" smoothing="OUT" order="1" startDelay="0.5"/>
						</AnimationGroup>
					</Animations>
				</Texture>
			</Layer>
		</Layers>
		<Animations>
			<AnimationGroup name="$parentAnimate" looping="NONE">
				<Alpha duration="0.25" toAlpha="0.6" fromAlpha="1" order="1"/>
				<Alpha duration="0.25" toAlpha="1" fromAlpha="0.6"  order="2"/>
			</AnimationGroup>
		</Animations>
	</Frame>

	<Frame name="RPS_ProfileManagerTemplate" virtual="true">
		<Frames>
			<Frame frameLevel="2" parentKey="list">
				<Backdrop edgeFile="Interface\Tooltips\UI-Tooltip-Border">
					<EdgeSize val="24"/>
				</Backdrop>
				<Anchors>
					<Anchor point="TOPRIGHT" x="2" y="-28" />
					<Anchor point="BOTTOMLEFT" x="2" y="0" />
				</Anchors>
				<Layers>
					<Layer level="BACKGROUND">
						<Texture file="Interface\ARCHEOLOGY\Arch-BookCompletedLeft">
							<Anchors>
								<Anchor point="TOPRIGHT" x="-5" y="-2"/>
								<Anchor point="BOTTOMRIGHT" x="-5" y="-2"/>
								<Anchor point="LEFT" x="5" y="0"/>
							</Anchors>
							<TexCoords left="0.07" right="1" top="0" bottom="0.975" />
						</Texture>
					</Layer>
				</Layers>
				<Frames>
					<Frame name="$parentList" inherits="TRP3_InnerFrame">
						<Size x="0" y="350" />
						<Anchors>
							<Anchor point="LEFT" x="33" y="0" />
							<Anchor point="RIGHT" x="-20" y="0" />
						</Anchors>
						<Layers>
							<Layer level="OVERLAY">
								<FontString name="$parentEmpty" inherits="GameFontNormalLarge" justifyH="LEFT" text="[EMPTY]" hidden="true">
									<Size x="0" y="10" />
									<Anchors>
										<Anchor point="CENTER" x="0" y="0" />
									</Anchors>
									<Color r="0.95" g="0.95" b="0.95" />
								</FontString>
							</Layer>
						</Layers>
						<Frames>
							<Frame name="$parentLine1" inherits="RPS_ProfileManagerLine">
								<Anchors>
									<Anchor point="TOP" x="0" y="-12" />
									<Anchor point="LEFT" x="8" y="0" />
									<Anchor point="RIGHT" x="-22" y="0" />
								</Anchors>
							</Frame>
							<Frame name="$parentLine2" inherits="RPS_ProfileManagerLine">
								<Anchors>
									<Anchor point="TOP" relativePoint="BOTTOM" relativeTo="$parentLine1" x="0" y="-1" />
									<Anchor point="LEFT" x="0" y="0" relativeTo="$parentLine1" />
									<Anchor point="RIGHT" x="0" y="0" relativeTo="$parentLine1"/>
								</Anchors>
							</Frame>
							<Frame name="$parentLine3" inherits="RPS_ProfileManagerLine">
								<Anchors>
									<Anchor point="TOP" relativePoint="BOTTOM" relativeTo="$parentLine2" x="0" y="-1" />
									<Anchor point="LEFT" x="0" y="0" relativeTo="$parentLine1" />
									<Anchor point="RIGHT" x="0" y="0" relativeTo="$parentLine1"/>
								</Anchors>
							</Frame>
							<Frame name="$parentLine4" inherits="RPS_ProfileManagerLine">
								<Anchors>
									<Anchor point="TOP" relativePoint="BOTTOM" relativeTo="$parentLine3" x="0" y="-1" />
									<Anchor point="LEFT" x="0" y="0" relativeTo="$parentLine1" />
									<Anchor point="RIGHT" x="0" y="0" relativeTo="$parentLine1"/>
								</Anchors>
							</Frame>
							<Frame name="$parentLine5" inherits="RPS_ProfileManagerLine">
								<Anchors>
									<Anchor point="TOP" relativePoint="BOTTOM" relativeTo="$parentLine4" x="0" y="-1" />
									<Anchor point="LEFT" x="0" y="0" relativeTo="$parentLine1" />
									<Anchor point="RIGHT" x="0" y="0" relativeTo="$parentLine1"/>
								</Anchors>
							</Frame>
							<Slider name="$parentSlider" parentKey="slider" inherits="TRP3_Scrollbar" />
						</Frames>
					</Frame>
					<Button name="$parentAdd" inherits="UIPanelButtonTemplate">
						<Size x="150" y="20" />
						<Anchors>
							<Anchor point="BOTTOM" relativePoint="TOP" relativeTo="$parentList" x="0" y="5" />
						</Anchors>
					</Button>
					<Button name="$parentInfo" inherits="TRP3_HelpButton" hidden="true">
						<Size x="15" y="15" />
						<Anchors>
							<Anchor point="BOTTOMRIGHT" relativePoint="TOPRIGHT" relativeTo="$parentList" x="3" y="8" />
						</Anchors>
					</Button>
				</Frames>
			</Frame>
		</Frames>
	</Frame>

	<Button name="RPS_TabBar_Tab" virtual="true">
		<Size>
			<AbsDimension x="10" y="32"/>
		</Size>
		<Layers>
			<Layer level="BACKGROUND">
				<Texture name="$parentLeft" file="Interface\CHATFRAME\ChatFrameTabUnsel-BGLeft">
					<Size>
						<AbsDimension x="25" y="32"/>
					</Size>
					<Anchors>
						<Anchor point="BOTTOMLEFT" x="0" y="0"/>
					</Anchors>
					<TexCoords left="0" right="1" top="0.3" bottom="1"/>
				</Texture>
				<Texture name="$parentRight" file="Interface\CHATFRAME\ChatFrameTabUnsel-BGRight">
					<Size>
						<AbsDimension x="25" y="32"/>
					</Size>
					<Anchors>
						<Anchor point="BOTTOMRIGHT" x="0" y="0"/>
					</Anchors>
					<TexCoords left="0" right="1" top="0.3" bottom="1"/>
				</Texture>
				<Texture name="$parentMiddle" file="Interface\CHATFRAME\ChatFrameTabUnsel-BGMid">
					<Anchors>
						<Anchor point="TOPLEFT" relativeTo="$parentLeft" relativePoint="TOPRIGHT"/>
						<Anchor point="BOTTOMRIGHT" relativeTo="$parentRight" relativePoint="BOTTOMLEFT"/>
					</Anchors>
					<TexCoords left="0" right="1" top="0.3" bottom="1"/>
				</Texture>
			</Layer>
		</Layers>
		<ButtonText name="$parentText">
			<Size>
				<AbsDimension x="0" y="32"/>
			</Size>
			<Anchors>
				<Anchor point="CENTER">
					<Offset>
						<AbsDimension x="0" y="-2"/>
					</Offset>
				</Anchor>
			</Anchors>
		</ButtonText>
		<NormalFont style="GameFontHighlightSmall"/>
		<HighlightFont style="GameFontHighlightSmall"/>
		<DisabledFont style="GameFontHighlight"/>
		<HighlightTexture name="$parentHighlightTexture"
						  file="Interface\PaperDollInfoFrame\UI-Character-Tab-Highlight-yellow" alphaMode="ADD">
			<Anchors>
				<Anchor point="TOPLEFT">
					<Offset>
						<AbsDimension x="5" y="-2"/>
					</Offset>
				</Anchor>
				<Anchor point="BOTTOMRIGHT">
					<Offset>
						<AbsDimension x="-5" y="-2"/>
					</Offset>
				</Anchor>
			</Anchors>
		</HighlightTexture>
	</Button>

	<Frame name="RPS_FrameTemplate" toplevel="true" parent="UIParent" frameStrata="MEDIUM" enableMouse="true" clampedToScreen="true" virtual="true" movable="true">
		<Size x="768" y="500"/>
		<Backdrop edgeFile="Interface\AchievementFrame\UI-Achievement-WoodBorder" tile="true">
			<EdgeSize>
				<AbsValue val="64"/>
			</EdgeSize>
			<TileSize>
				<AbsValue val="32"/>
			</TileSize>
			<BackgroundInsets>
				<AbsInset left="5" right="5" top="5" bottom="5"/>
			</BackgroundInsets>
		</Backdrop>
		<Layers>
			<Layer level="ARTWORK">
				<Texture file="Interface\AchievementFrame\UI-Achievement-MetalBorder-Left">
					<Size x="16" y="0"/>
					<Anchors>
						<Anchor point="TOPLEFT" x="14" y="0"/>
						<Anchor point="BOTTOMLEFT" x="14" y="10"/>
					</Anchors>
					<TexCoords left="0" right="1" top="0" bottom=".87"/>
				</Texture>
				<Texture file="Interface\AchievementFrame\UI-Achievement-MetalBorder-Left">
					<Size x="16" y="0"/>
					<Anchors>
						<Anchor point="TOPRIGHT" x="-13" y="-10"/>
						<Anchor point="BOTTOMRIGHT" x="-13" y="10"/>
					</Anchors>
					<TexCoords left="1" right="0" top=".87" bottom="0"/>
				</Texture>
				<Texture file="Interface\AchievementFrame\UI-Achievement-MetalBorder-Top">
					<Size x="450" y="16"/>
					<Anchors>
						<Anchor point="BOTTOMLEFT" x="28" y="13"/>
						<Anchor point="BOTTOMRIGHT" x="-28" y="13"/>
					</Anchors>
					<TexCoords left="0" right=".87" top="1.0" bottom="0"/>
				</Texture>
				<Texture file="Interface\AchievementFrame\UI-Achievement-MetalBorder-Top">
					<Size x="450" y="16"/>
					<Anchors>
						<Anchor point="TOPLEFT" x="28" y="-12"/>
						<Anchor point="TOPRIGHT" x="-28" y="-12"/>
					</Anchors>
					<TexCoords left=".87" right="0" top="0" bottom="1"/>
				</Texture>
			</Layer>
			<Layer level="OVERLAY" textureSubLevel="1">
				<Texture file="Interface\AchievementFrame\UI-Achievement-MetalBorder-Joint">
					<Size x="32" y="32"/>
					<Anchors>
						<Anchor point="TOPLEFT" x="9" y="-7"/>
					</Anchors>
					<TexCoords left="1" right="0" top="1" bottom="0"/>
				</Texture>
				<Texture file="Interface\AchievementFrame\UI-Achievement-MetalBorder-Joint">
					<Size x="32" y="32"/>
					<Anchors>
						<Anchor point="TOPRIGHT" x="-8" y="-7"/>
					</Anchors>
					<TexCoords left="0" right="1" top="1" bottom="0"/>
				</Texture>
				<Texture file="Interface\AchievementFrame\UI-Achievement-MetalBorder-Joint">
					<Size x="32" y="32"/>
					<Anchors>
						<Anchor point="BOTTOMLEFT" x="9" y="8"/>
					</Anchors>
					<TexCoords left="1" right="0" top="0" bottom="1"/>
				</Texture>
				<Texture file="Interface\AchievementFrame\UI-Achievement-MetalBorder-Joint">
					<Size x="32" y="32"/>
					<Anchors>
						<Anchor point="BOTTOMRIGHT" x="-8" y="8"/>
					</Anchors>
					<TexCoords left="0" right="1" top="0" bottom="1"/>
				</Texture>
			</Layer>
			<Layer level="OVERLAY" textureSubLevel="2">
				<Texture file="Interface\AchievementFrame\UI-Achievement-WoodBorder-Corner">
					<Size x="64" y="64"/>
					<Anchors>
						<Anchor point="TOPLEFT" x="4" y="-2"/>
					</Anchors>
					<TexCoords left="0" right="1" top="0" bottom="1"/>
				</Texture>
				<Texture file="Interface\AchievementFrame\UI-Achievement-WoodBorder-Corner">
					<Size x="64" y="64"/>
					<Anchors>
						<Anchor point="TOPRIGHT" x="-4" y="-2"/>
					</Anchors>
					<TexCoords left="1" right="0" top="0" bottom="1"/>
				</Texture>
				<Texture file="Interface\AchievementFrame\UI-Achievement-WoodBorder-Corner">
					<Size x="64" y="64"/>
					<Anchors>
						<Anchor point="BOTTOMLEFT" x="4" y="3"/>
					</Anchors>
					<TexCoords left="0" right="1" top="1" bottom="0"/>
				</Texture>
				<Texture file="Interface\AchievementFrame\UI-Achievement-WoodBorder-Corner">
					<Size x="64" y="64"/>
					<Anchors>
						<Anchor point="BOTTOMRIGHT" x="-4" y="3"/>
					</Anchors>
					<TexCoords left="1" right="0" top="1" bottom="0"/>
				</Texture>
			</Layer>
		</Layers>
		<Frames>
			<Button parentKey="Close" inherits="UIPanelCloseButton">
				<Anchors>
					<Anchor point="TOPRIGHT" x="4" y="4"/>
				</Anchors>
			</Button>
		</Frames>
	</Frame>

	<Frame name="RPS_Skill" virtual="true">
		<Frames>
			<Frame name="$parent" inherits="RPS_SimpleIcon">
				<Size x="35" y="35" />
				<Anchors>
					<Anchor point="TOPLEFT" x="25" y="-25" />
				</Anchors>
				<Layers>
					<Layer level="BACKGROUND">
						<FontString name="$parentStatName" font="Fonts\FRIZQT___CYR.TTF" text="Характеристика" justifyH="LEFT" justifyV="TOP">
						  <FontHeight val="14"/>
						  <Anchors>
						   <Anchor point="TOPLEFT" x="65" y="0" />
						  </Anchors>
						  <Shadow>
							<Offset x="1" y="1" />
							<Color r="0" g="0" b="0"/>
						  </Shadow>
						</FontString>

						<FontString name="$parentStatRoll" font="Fonts\FRIZQT___CYR.TTF" text="1 - 100" justifyH="LEFT" justifyV="TOP">
						  <FontHeight val="12"/>
						  <Anchors>
						   <Anchor point="TOPLEFT" x="65" y="-20" />
						  </Anchors>
						  <Shadow>
							<Offset x="1" y="1" />
							<Color r="0" g="0" b="0"/>
						  </Shadow>
						</FontString>

						<FontString name="$parentStatValue" font="Fonts\FRIZQT___CYR.TTF" text="0" justifyH="LEFT" justifyV="TOP">
						  <FontHeight val="12"/>
						  <Anchors>
						   <Anchor point="TOPLEFT" x="250" y="-13" />
						  </Anchors>
						  <Shadow>
							<Offset x="1" y="1" />
							<Color r="0" g="0" b="0"/>
						  </Shadow>
						</FontString>
					</Layer>
				</Layers>
			</Frame>

			<Button name="$parentdummy">
				 <Anchors>
					<Anchor point="TOPLEFT" x="22" y="-22"/>
					<Anchor point="BOTTOMRIGHT" x="34" y="-34"/>
				 </Anchors>
				<HighlightTexture file="Interface\BUTTONS\ButtonHilight-Square" alphaMode="ADD">
					<Anchors>
						<Anchor point="TOPLEFT" x="0" y="0"/>
						<Anchor point="BOTTOMRIGHT" x="-1" y="0"/>
					</Anchors>
					<TexCoords left="0.03125" right="0.984375" top="0.03125" bottom="0.984375"/>
				</HighlightTexture>
				<Scripts>
				    <OnLoad>
				    	self:RegisterForClicks("LeftButtonUp", "RightButtonDown");
				    </OnLoad>
					<PostClick>
						RPSCoreFramework:PickupBattleSpell(self:GetParent():GetName(), button);
					</PostClick>
					<OnEnter>
						RPSCoreFramework:ShowBattleSpellGameTooltip(self:GetParent():GetName())
					</OnEnter>
					<OnLeave>
						GameTooltip:Hide();
					</OnLeave>
				</Scripts>
			</Button>
			
			<Button name="$parentMinus" inherits="UIPanelButtonTemplate" text="-">
				 <Size x="24" y="24"/>
				 <Anchors>
					<Anchor point="TOPLEFT" x="235" y="-30"/>
				 </Anchors>
			</Button>
			
			<Button name="$parentPlus" inherits="UIPanelButtonTemplate" text="+">
				 <Size x="24" y="24"/>
				 <Anchors>
					<Anchor point="TOPLEFT" x="300" y="-30"/>
				 </Anchors>
			</Button>
		</Frames>
	</Frame>
	
	<Frame name="RPS_SkillCompact" virtual="true">
		<Frames>
			<Frame name="$parent" inherits="RPS_SimpleIcon">
				<Size x="35" y="35" />
				<Anchors>
					<Anchor point="TOPLEFT" x="25" y="-25" />
				</Anchors>
				<Layers>
					<Layer level="BACKGROUND">
						<FontString name="$parentStatName" font="Fonts\FRIZQT___CYR.TTF" text="Характеристика" justifyH="LEFT" justifyV="TOP">
						  <FontHeight val="14"/>
						  <Anchors>
						   <Anchor point="TOPLEFT" x="40" y="0" />
						  </Anchors>
						  <Shadow>
							<Offset x="1" y="1" />
							<Color r="0" g="0" b="0"/>
						  </Shadow>
						</FontString>
						
						<FontString name="$parentStatRoll" font="Fonts\FRIZQT___CYR.TTF" text="1 - 20" justifyH="LEFT" justifyV="TOP">
						  <FontHeight val="12"/>
						  <Anchors>
						   <Anchor point="TOPLEFT" x="40" y="-20" />
						  </Anchors>
						  <Shadow>
							<Offset x="1" y="1" />
							<Color r="0" g="0" b="0"/>
						  </Shadow>
						</FontString>
						
						<FontString name="$parentStatValue" font="Fonts\FRIZQT___CYR.TTF" text="10" justifyH="LEFT" justifyV="TOP">
						  <FontHeight val="12"/>
						  <Anchors>
						   <Anchor point="TOPLEFT" x="185" y="-13" />
						  </Anchors>
						  <Shadow>
							<Offset x="1" y="1" />
							<Color r="0" g="0" b="0"/>
						  </Shadow>
						</FontString>
						
					</Layer>
				</Layers>
			</Frame>
			
			<Button name="$parentMinus" inherits="UIPanelButtonTemplate" text="-">
				 <Size x="24" y="24"/>
				 <Anchors>
					<Anchor point="TOPLEFT" x="180" y="-30"/>
				 </Anchors>
			</Button>
			
			<Button name="$parentPlus" inherits="UIPanelButtonTemplate" text="+">
				 <Size x="24" y="24"/>
				 <Anchors>
					<Anchor point="TOPLEFT" x="235" y="-30"/>
				 </Anchors>
			</Button>
		</Frames>
	</Frame>

	<Frame name="RPS_InnerFrame" virtual="true">
		<Layers>
			<Layer level="BACKGROUND">
				<Texture file="Interface\DialogFrame\UI-DialogBox-Background" horizTile="true" vertTile="true">
					<Anchors>
						<Anchor point="TOPLEFT" relativePoint="TOPLEFT" x="0" y="0"/>
						<Anchor point="BOTTOMRIGHT" relativePoint="BOTTOMRIGHT" x="0" y="0"/>
					</Anchors>
				</Texture>
			</Layer>
			<Layer level="BORDER" textureSubLevel="-5">
				<Texture name="$parentInsetBotLeftCorner" inherits="UI-Frame-InnerBotLeftCorner" parentKey="InsetBorderBottomLeft">
					<Anchors>
						<Anchor point="BOTTOMLEFT"  x="-3" y="-3"/>
					</Anchors>
				</Texture>
				<Texture name="$parentInsetBotRightCorner" inherits="UI-Frame-InnerBotRight" parentKey="InsetBorderBottomRight">
					<Anchors>
						<Anchor point="BOTTOMRIGHT"  x="3" y="-3"/>
					</Anchors>
				</Texture>
				<Texture name="$parentInsetBottomBorder" inherits="_UI-Frame-InnerBotTile" parentKey="InsetBorderBottom">
					<Anchors>
						<Anchor point="BOTTOMLEFT" relativeTo="$parentInsetBotLeftCorner" relativePoint="BOTTOMRIGHT"/>
						<Anchor point="BOTTOMRIGHT" relativeTo="$parentInsetBotRightCorner" relativePoint="BOTTOMLEFT"/>
					</Anchors>
				</Texture>
				<Texture name="$parentInsetLeftBorder" inherits="!UI-Frame-InnerLeftTile" parentKey="InsetBorderLeft">
					<Anchors>
						<Anchor point="TOPLEFT" x="-3" y="0"/>
						<Anchor point="BOTTOMLEFT" relativeTo="$parentInsetBotLeftCorner" relativePoint="TOPLEFT"/>
					</Anchors>
				</Texture>
				<Texture name="$parentInsetRightBorder" inherits="!UI-Frame-InnerRightTile" parentKey="InsetBorderRight">
					<Anchors>
						<Anchor point="TOPRIGHT"  x="3" y="0"/>
						<Anchor point="BOTTOMRIGHT" relativeTo="$parentInsetBotRightCorner" relativePoint="TOPRIGHT"/>
					</Anchors>
				</Texture>
				<Texture name="$parentInsetTopBorder" inherits="_UI-Frame-InnerTopTile" parentKey="InsetBorderBottom">
					<Anchors>
						<Anchor point="TOPLEFT" relativeTo="$parentInsetLeftBorder" relativePoint="TOPLEFT"/>
						<Anchor point="TOPRIGHT" relativeTo="$parentInsetRightBorder" relativePoint="TOPRIGHT"/>
					</Anchors>
				</Texture>
			</Layer>
		</Layers>
	</Frame>

	<Button name="RPS_CategoryButton" virtual="true">
		<Size x="158" y="24"/>
		<Layers>
			<Layer level="BACKGROUND">
				<Texture name="$parentBackground" file="Interface\AchievementFrame\UI-Achievement-Category-Background">
					<Size x="170" y="32"/>
					<Anchors>
						<Anchor point="TOPLEFT"/>
						<Anchor point="TOPRIGHT"/>
					</Anchors>
					<TexCoords left="0" right="0.6640625" top="0" bottom="1"/>
				</Texture>
			</Layer>
			<Layer level="BORDER">
				<Texture name="$parentIcon" file="Interface\ICONS\pet_type_beast" hidden="true">
					<Size x="16" y="16"/>
					<Anchors>
						<Anchor point="LEFT" x="9" y="-2"/>
					</Anchors>
				</Texture>
			</Layer>
			<Layer level="ARTWORK">
				<FontString name="$parentLabel" inherits="GameFontNormal" wordwrap="false" justifyH="CENTER">
					<Anchors>
						<Anchor point="BOTTOMLEFT" x="24" y="22"/>
						<Anchor point="TOPRIGHT" x="-16" y="-26"/>
					</Anchors>
				</FontString>
			</Layer>
		</Layers>

		<HighlightTexture file="Interface\AchievementFrame\UI-Achievement-Category-Highlight" alphaMode="ADD">
			<Anchors>
				<Anchor point="TOPLEFT" x="0" y="0"/>
				<Anchor point="BOTTOMRIGHT" x="-1" y="-7"/>
			</Anchors>
			<TexCoords left="0" right="0.6640625" top="0" bottom="1"/>
		</HighlightTexture>
	</Button>
	
	<GameTooltip name="RPSPOIGameTooltip" inherits="GameTooltipTemplate">
        <Scripts>
            <Onload>
                self:SetOwner(WorldMapFrame, "ANCHOR_NONE");
            </Onload>
        </Scripts>
    </GameTooltip>

    <Button name="RPS_POIButton" virtual="true">
        <Size x="15" y="15"/>
        <Scripts>
            <OnLoad>
                self:SetFrameStrata("TOOLTIP");
            </OnLoad>
            <OnEnter>
			RPSPOIGameTooltip:SetOwner(self, "ANCHOR_CURSOR");
			RPSPOIGameTooltip:AddLine("|T"..self.ntex:GetTexture()..":0|t ".."|cffFFC125"..self.dataName.."|r");
			if (string.len(self.dataDescription) > 0) then
				if (string.len(self.dataDescription) > 80) then
					RPSCoreFramework.POIDesc = RPSCoreFramework:WordWrap(self.dataDescription, 90);
					for i=1, #RPSCoreFramework.POIDesc do
						RPSPOIGameTooltip:AddLine("|cff808080"..RPSCoreFramework.POIDesc[i].."|r");
					end
				else
					RPSPOIGameTooltip:AddLine("|cff808080"..self.dataDescription.."|r");
				end
			end
			if true then
				RPSPOIGameTooltip:AppendText(" |cff80528C("..self.debugGuid..")");
			end
			RPSPOIGameTooltip:Show();
			RPSCoreFramework.POIDesc = {};
            </OnEnter>
            <OnLeave>
                RPSPOIGameTooltip:ClearLines();
				RPSPOIGameTooltip:Hide();
            </OnLeave>
        </Scripts>
    </Button>

	<Button name="RPSPoll_CloseButton" inherits="UIPanelCloseButton" virtual="true">
		<Scripts>
			<OnEnter>
			--	RPSPoll_RefreshTooltipForFrame(self);
			</OnEnter>
			<OnLeave>
			--	RPSPoll_MainTooltip:Hide();
			</OnLeave>
			<PostClick>
			--	RPSPoll_API.PlaySound("igMainMenuOptionCheckBoxOn","SFX");
			</PostClick>
		</Scripts>
	</Button>

	<!-- Common red Wow button template  -->
	<Button name="RPSPoll_CommonButton" inherits="UIPanelButtonTemplate" virtual="true">
		<Size x="90" y="20"/>
		<Scripts>
			<OnEnter>
			--	RPSPoll_RefreshTooltipForFrame(self);
			</OnEnter>
			<OnLeave>
			--	RPSPoll_MainTooltip:Hide();
			</OnLeave>
			<PostClick>
			--	RPSPoll_API.PlaySound("igMainMenuOptionCheckBoxOn","SFX");
			</PostClick>
		</Scripts>
	</Button>

	<!-- Checkbox with small label and TT compatible -->
	<CheckButton name="RPSPoll_CheckBox" inherits="OptionsCheckButtonTemplate" virtual="true" checked="false">
		<Scripts>
			<OnLoad>
				getglobal(self:GetName().."Text"):SetFontObject(GameFontNormalSmall);
			--	self.Text = getglobal(self:GetName().."Text");
			</OnLoad>
			<OnEnter>
			--	RPSPoll_RefreshTooltipForFrame(self);
			</OnEnter>
			<OnLeave>
			--	RPSPoll_MainTooltip:Hide();
			</OnLeave>
			<PostClick>
			--	RPSPoll_API.PlaySound("igMainMenuOptionCheckBoxOn","SFX");
			</PostClick>
		</Scripts>
	</CheckButton>

	<!-- Common icon button  -->
	<Button name="RPSPoll_IconButton" virtual="true">
		<Size x="26" y="26"/>
		<Layers>
			<Layer level="OVERLAY">
				<Texture name="$parentIcon" file="Interface\ICONS\INV_Misc_QuestionMark">
					<Size x="26" y="26"/>
					<Anchors>
						<Anchor point="CENTER" x="0" y="0"/>
					</Anchors>
				</Texture>
			</Layer>
		</Layers>
		<NormalTexture file="Interface\AchievementFrame\UI-Achievement-IconFrame">
			<Size x="65" y="65"/>
			<Anchors>
				<Anchor point="CENTER" x="14" y="-14"/>
			</Anchors>
		</NormalTexture>
		<PushedTexture file="Interface\Buttons\UI-EmptySlot">
			<Size x="50" y="50"/>
			<Anchors>
				<Anchor point="CENTER" x="0" y="0"/>
			</Anchors>
		</PushedTexture>
		<DisabledTexture file="Interface\Buttons\UI-EmptySlot-Disabled">
			<Size x="47" y="47"/>
			<Anchors>
				<Anchor point="CENTER" x="0" y="0"/>
			</Anchors>
		</DisabledTexture>
		<HighlightTexture alphaMode="ADD" file="Interface\Buttons\UI-Quickslot-Depress"/>
		<Scripts>
			<OnEnter>
			--	RPSPoll_RefreshTooltipForFrame(self);
			</OnEnter>
			<OnLeave>
			--	RPSPoll_MainTooltip:Hide();
			</OnLeave>
			<PostClick>
			--	RPSPoll_API.PlaySound("igMainMenuOptionCheckBoxOn","SFX");
			</PostClick>
		</Scripts>
	</Button>

	<Slider name="RPSPoll_Slider" inherits="OptionsSliderTemplate" virtual="true">
		<Size x="140" y="15"/>
		<Layers>
			<Layer level="OVERLAY">
				<FontString name="$parentValText" inherits="GameFontNormal" justifyH="CENTER" text="[value]">
					<Size x="0" y="10"/>
					<Anchors>
						<Anchor point="LEFT"/>
						<Anchor point="RIGHT"/>
					</Anchors>
					<Color r="0.95" g="0.95" b="0.95"/>
				</FontString>
			</Layer>
		</Layers>
		<Scripts>
			<OnEnter>
			--	RPSPoll_RefreshTooltipForFrame(self);
			</OnEnter>
			<OnLeave>
			--	RPSPoll_MainTooltip:Hide();
			</OnLeave>
		</Scripts>
	</Slider>

	<!-- Invisible button  -->
	<Button name="RPSPoll_InvisibleButton" virtual="true">
		<Size x="90" y="20"/>
		<Scripts>
			<OnEnter>
			--	RPSPoll_RefreshTooltipForFrame(self);
			</OnEnter>
			<OnLeave>
			--	RPSPoll_MainTooltip:Hide();
			</OnLeave>
		</Scripts>
	</Button>

	<!-- Titled edit box, TRP2 style -->
	<EditBox name="RPSPoll_TitledEditBox" letters="0" hiRPSPolls="10" autoFocus="false" virtual="true">
		<Size x="100" y="18"/>
		<Layers>
			<Layer level="BACKGROUND">
				<Texture name="$parentLeft" file="Interface\Common\Common-Input-Border">
					<Size x="12" y="28"/>
					<Anchors>
						<Anchor point="TOPLEFT" x="-5" y="0"/>
					</Anchors>
					<TexCoords left="0" right="0.09375" top="0" bottom="1.0"/>
				</Texture>
				<Texture name="$parentRight" file="Interface\Common\Common-Input-Border">
					<Size x="12" y="28"/>
					<Anchors>
						<Anchor point="TOPRIGHT" x="5" y="0"/>
					</Anchors>
					<TexCoords left="0.90625" right="1.0" top="0" bottom="1.0"/>
				</Texture>
				<Texture name="$parentCenter" file="Interface\Common\Common-Input-Border">
					<Size x="0" y="28"/>
					<Anchors>
						<Anchor point="LEFT" relativeTo="$parentLeft" relativePoint="RIGHT"/>
						<Anchor point="RIGHT" relativeTo="$parentRight" relativePoint="LEFT"/>
					</Anchors>
					<TexCoords left="0.09375" right="0.90625" top="0" bottom="1.0"/>
				</Texture>
			</Layer>
			<Layer level="OVERLAY">
				<FontString name="$parentText" text="[title]" inherits="GameFontNormalSmall" justifyH="LEFT">
					<Anchors>
						<Anchor point="TOPLEFT" x="5" y="5"/>
						<Anchor point="TOPRIGHT" x="0" y="5"/>
					</Anchors>
					<Color r="0.95" g="0.75" b="0.1"/>
				</FontString>
			</Layer>
		</Layers>
		<FontString inherits="GameFontWhite"/>
		<Scripts>
			<OnEscapePressed>
				self:ClearFocus()
			</OnEscapePressed>
			<OnEditFocusGained>
				if self.disabled then
					self:ClearFocus();
				else
					self:HighlightText();
				end
			</OnEditFocusGained>
			<OnEditFocusLost>
				self:HighlightText(0,0);
			</OnEditFocusLost>
			<OnEnter>
			--	RPSPoll_RefreshTooltipForFrame(self);
			</OnEnter>
			<OnLeave>
			--	RPSPoll_MainTooltip:Hide();
			</OnLeave>
		</Scripts>
	</EditBox>

	<!-- Tutorial style hovered frame -->
	<Frame name="RPSPoll_HoveredFrame" inherits="GlowBoxTemplate" enableMouse="true" virtual="true">
		<Size x="220" y="100"/>
		<Layers>
			<Layer level="ARTWORK">
				<Texture parentKey="ArrowUP" inherits="HelpPlateArrowDOWN" hidden="true">
					<Size x="53" y="21"/>
					<Anchors>
						<Anchor point="TOP" relativePoint="BOTTOM" x="0" y="3"/>
					</Anchors>
				</Texture>
				<Texture parentKey="ArrowDOWN" inherits="HelpPlateArrowUP" hidden="true">
					<Size x="53" y="21"/>
					<Anchors>
						<Anchor point="BOTTOM" relativePoint="TOP" x="0" y="-3"/>
					</Anchors>
				</Texture>
				<Texture parentKey="ArrowRIGHT" inherits="HelpPlateArrowDOWN" hidden="true">
					<Size x="53" y="21"/>
					<Anchors>
						<Anchor point="RIGHT" relativePoint="LEFT" x="3" y="0"/>
					</Anchors>
				</Texture>
				<Texture parentKey="ArrowLEFT" inherits="HelpPlateArrowDOWN" hidden="true">
					<Size x="53" y="21"/>
					<Anchors>
						<Anchor point="LEFT" relativePoint="RIGHT" x="-3" y="0"/>
					</Anchors>
				</Texture>
			</Layer>
			<Layer level="BORDER">
				<Texture parentKey="ArrowGlowUP" inherits="HelpPlateArrow-GlowDOWN" hidden="true" alphaMode="ADD" alpha="0.5">
					<Size x="53" y="21"/>
					<Anchors>
						<Anchor point="TOP" relativePoint="BOTTOM" x="0" y="3"/>
					</Anchors>
				</Texture>
				<Texture parentKey="ArrowGlowDOWN" inherits="HelpPlateArrow-GlowUP" hidden="true" alphaMode="ADD" alpha="0.5">
					<Size x="53" y="21"/>
					<Anchors>
						<Anchor point="BOTTOM" relativePoint="TOP" x="0" y="-3"/>
					</Anchors>
				</Texture>
				<Texture parentKey="ArrowGlowRIGHT" inherits="HelpPlateArrow-GlowDOWN" hidden="true" alphaMode="ADD" alpha="0.5">
					<Size x="53" y="21"/>
					<Anchors>
						<Anchor point="RIGHT" relativePoint="LEFT" x="3" y="0"/>
					</Anchors>
				</Texture>
				<Texture parentKey="ArrowGlowLEFT" inherits="HelpPlateArrow-GlowDOWN" hidden="true" alphaMode="ADD" alpha="0.5">
					<Size x="53" y="21"/>
					<Anchors>
						<Anchor point="LEFT" relativePoint="RIGHT" x="-3" y="0"/>
					</Anchors>
				</Texture>
			</Layer>
		</Layers>
		<Scripts>
			<OnLoad>
				SetClampedTextureRotation(self.ArrowLEFT, 270);
				SetClampedTextureRotation(self.ArrowRIGHT, 90);
				SetClampedTextureRotation(self.ArrowGlowLEFT, 270);
				SetClampedTextureRotation(self.ArrowGlowRIGHT, 90);
			</OnLoad>
		</Scripts>
	</Frame>

    <Button name="RPSPoll_DialogChoiceButton" virtual="true" hidden="true">
        <Anchors>
            <Anchor point="LEFT" relativePoint="LEFT" relativeKey="$parent" />
            <Anchor point="RIGHT" relativePoint="RIGHT" relativeKey="$parent" />
        </Anchors>
        <Layers>
            <Layer level="BACKGROUND">
                <!-- TOP BORDER -->
                <Texture file="Interface/AdventureMap/AdventureMap">
                    <Size y="13" />
                    <Anchors>
                        <Anchor point="TOP" />
                        <Anchor point="LEFT" />
                        <Anchor point="RIGHT" />
                    </Anchors>
                    <TexCoords left="0.34" right="0.78" top="0.30" bottom="0.325"/>
                </Texture>
                <!-- MIDDLE -->
                <Texture file="Interface/AdventureMap/AdventureMap">
                    <Anchors>
                        <Anchor point="TOP" y="-13"/>
                        <Anchor point="BOTTOM" y="13"/>
                        <Anchor point="LEFT" />
                        <Anchor point="RIGHT" />
                    </Anchors>
                    <TexCoords left="0.34" right="0.78" top="0.33" bottom="0.34"/>
                </Texture>
                <!-- BOTTOM BORDER -->
                <Texture file="Interface/AdventureMap/AdventureMap">
                    <Size y="13" />
                    <Anchors>
                        <Anchor point="BOTTOM"/>
                        <Anchor point="LEFT" />
                        <Anchor point="RIGHT" />
                    </Anchors>
                    <TexCoords left="0.34" right="0.78" top="0.34" bottom="0.36"/>
                </Texture>
            </Layer>
            <Layer>
                <Texture parentKey="icon" file="Interface/GOSSIPFRAME/ChatBubbleGossipIcon" >
                    <Size x="23" y="23"/>
                    <Anchors>
                        <Anchor point="LEFT" relativeKey="$parent" relativePoint="LEFT" x="50"/>
                    </Anchors>
                </Texture>
                <FontString parentKey="number" inherits="GameFontNormal" justifyH="LEFT" justifyV="MIDDLE" wordwrap="true" text="">
                	<Color r="0.80" g="0.60" b="0"/>
                    <Anchors>
                        <Anchor point="LEFT" relativePoint="RIGHT" relativeKey="$parent.icon" x="-17" y="0"/>
                        <Anchor point="RIGHT" relativePoint="RIGHT" relativeTo="$parent" x="0"/>
                    </Anchors>
					<Shadow>
						<Offset x="1" y="1" />
						<Color r="0" g="0" b="0"/>
					</Shadow>
                </FontString>
                <FontString parentKey="text" inherits="GameFontNormalMed1" justifyH="LEFT" justifyV="MIDDLE" wordwrap="true">
                    <Anchors>
                        <Anchor point="LEFT" relativePoint="RIGHT" relativeKey="$parent.icon" x="10" y="-5"/>
                        <Anchor point="RIGHT" relativePoint="RIGHT" relativeTo="$parent" x="-70" y="-5" />
                    </Anchors>
                </FontString>
                <FontString parentKey="binding" inherits="GameFontNormal" justifyH="RIGHT" justifyV="MIDDLE">
                    <Size x="50"/>
                    <Anchors>
                        <Anchor point="RIGHT" relativePoint="LEFT" relativeKey="$parent.icon" x="-5"/>
                    </Anchors>
                </FontString>
            </Layer>
            <Layer level="OVERLAY">
                <Texture parentKey="highlight" file="Interface/FriendsFrame/UI-FriendsFrame-HighlightBar" alpha="0" alphaMode="ADD">
                    <Anchors>
                        <Anchor point="TOPLEFT" y="-9" x="20"/>
                        <Anchor point="BOTTOMRIGHT" y="3" x="-20"/>
                    </Anchors>
                </Texture>
            </Layer>
        </Layers>
        <Animations>
            <AnimationGroup parentKey="fadeIn">
                <Alpha fromAlpha="0.0" toAlpha="1" duration="0.2" smoothing="OUT"/>
            </AnimationGroup>
            <AnimationGroup parentKey="onClickedAnimation">
                <Translation offsetX="0" offsetY="-3" duration="0.1" />
            </AnimationGroup>
            <AnimationGroup parentKey="onEnterAnimation" setToFinalAlpha="true">
                <Alpha childKey="highlight" fromAlpha="0.0" toAlpha="0.4" duration="0.1" smoothing="OUT"/>
            </AnimationGroup>
            <AnimationGroup parentKey="onLeaveAnimation" setToFinalAlpha="true">
                <Alpha childKey="highlight" fromAlpha="0.4" toAlpha="0.0" duration="0.1" smoothing="OUT"/>
            </AnimationGroup>
        </Animations>
        <Scripts>
            <OnEnter>
                self.onEnterAnimation:Play();
--				self:PlayPlayerModelAnimation();
            </OnEnter>
            <OnLeave>
                    self.onLeaveAnimation:Play();
            </OnLeave>
            <PreClick>
                self.onClickedAnimation:Stop();
                self.onClickedAnimation:Play();
            </PreClick>
        </Scripts>
    </Button>

	<!-- Resize button -->
	<Button name="RPSPoll_ResizeButton" virtual="true">
		<Size x="32" y="32"/>
		<Scripts>
			<OnLoad>
			--	RPSPoll_API.lib.initResize(self);
			</OnLoad>
		</Scripts>
		<NormalTexture file="Interface\Buttons\UI-Panel-SmallerButton-Up">
			<TexCoords left="1" right="0" top="0" bottom="1"/>
		</NormalTexture>
		<PushedTexture file="Interface\Buttons\UI-Panel-SmallerButton-Down">
			<TexCoords left="1" right="0" top="0" bottom="1"/>
		</PushedTexture>
		<HighlightTexture file="Interface\Buttons\UI-Panel-MinimizeButton-Highlight" alphaMode="ADD"/>
	</Button>

	<Frame name="RPSPoll_ResizeShadowFrame" parent="UIParent" frameStrata="FULLSCREEN" hidden="true" resizable="true">
		<Backdrop edgeFile="Interface\GLUES\COMMON\TextPanel-Border" tile="true" bgFile="Interface\DialogFrame\UI-DialogBox-Background">
			<EdgeSize><AbsValue val="32"/></EdgeSize><TileSize><AbsValue val="400"/></TileSize>
			<BackgroundInsets><AbsInset left="5" right="5" top="5" bottom="5"/></BackgroundInsets>
		</Backdrop>
		<Layers>
			<Layer level="OVERLAY">
				<FontString name="RPSPoll_ResizeShadowFrameText" inherits="GameFontNormal" justifyH="CENTER" justifyV="MIDDLE" setAllPoints="true">
					<Color b="1.0" r="1.0" g="1.0"/>
				</FontString>
			</Layer>
		</Layers>
	</Frame>

	<!-- Text area -->
	<Frame name="RPSPoll_TextArea" virtual="true" enableMouse="true">
		<Backdrop edgeFile="Interface\GLUES\COMMON\TextPanel-Border" bgFile="Interface\DialogFrame\UI-DialogBox-Background" tile="true">
			<EdgeSize>
				<AbsValue val="20"/>
			</EdgeSize>
			<TileSize>
				<AbsValue val="200"/>
			</TileSize>
			<BackgroundInsets>
				<AbsInset left="5" right="5" top="5" bottom="5"/>
			</BackgroundInsets>
		</Backdrop>
		<Frames>
			<ScrollFrame parentKey="scroll" name="$parentScroll" inherits="UIPanelScrollFrameTemplate">
				<Anchors>
					<Anchor point="TOP" x="0" y="-10"/>
					<Anchor point="BOTTOM" x="0" y="10"/>
					<Anchor point="LEFT" x="15" y="0"/>
					<Anchor point="RIGHT" x="-18" y="0"/>
				</Anchors>
				<ScrollChild>
					<EditBox name="$parentText" parentKey="text" multiLine="true" enableMouse="false" autoFocus="false">
						<Scripts>
							<OnShow>
								self:SetWidth(self:GetParent():GetParent():GetWidth() - 40);
							</OnShow>
							<OnTextChanged>
								if self:IsVisible() and self:GetCursorPosition() == string.len(self:GetText()) then
								self:GetParent():SetVerticalScroll(self:GetParent():GetVerticalScrollRange());
								end
							</OnTextChanged>
							<OnEscapePressed>
								self:ClearFocus();
							</OnEscapePressed>
							<OnEditFocusGained>
								self:HighlightText();
								self:GetParent():GetParent().dummy:Hide();
							</OnEditFocusGained>
							<OnEditFocusLost>
								self:HighlightText(0,0);
								self:GetParent():GetParent().dummy:Show();
							</OnEditFocusLost>
						</Scripts>
						<FontString inherits="ChatFontNormal"/>
					</EditBox>
				</ScrollChild>
			</ScrollFrame>

			<Button name="$parentFocusDummy" parentKey="dummy">
				<Anchors>
					<Anchor point="TOP" x="0" y="5"/>
					<Anchor point="BOTTOM" x="0" y="-5"/>
					<Anchor point="LEFT" x="0" y="0"/>
					<Anchor point="RIGHT" x="-10" y="0"/>
				</Anchors>
				<Scripts>
					<OnClick>
						self:GetParent().scroll.text:SetFocus();
					</OnClick>
				</Scripts>
			</Button>
		</Frames>
	</Frame>

    <Button name="MinstrelButton" inherits="UIMenuButtonStretchTemplate" virtual="true">
        <Size x="475" y="42"/>
        <NormalFont style="GameFontHighlightLeft"/>
        <Anchors>
            <Anchor point="TOP" x="0" y="0"/>
        </Anchors>
        <Layers>
        	<Layer>
                <Texture parentKey="icon" file="Interface/GOSSIPFRAME/ChatBubbleGossipIcon" >
                    <Size x="28" y="28"/>
                    <Anchors>
                        <Anchor point="LEFT" relativePoint="LEFT" x="10" y="0"/>
                    </Anchors>
                </Texture>
                <FontString parentKey="Text" inherits="GameFontNormalMed1" justifyH="LEFT" justifyV="MIDDLE" wordwrap="true">
                    <Anchors>
                        <Anchor point="TOPLEFT" x="50" y="-2"/>
                        <Anchor point="BOTTOMRIGHT" x="-5" y="2"/>
                    </Anchors>
                </FontString>
        	</Layer>
        </Layers>
        <Scripts>
        	<OnClick>
			--	ChatFrame1EditBox:Show();
			--	ChatFrame1EditBox:SetFocus();
			--	ChatFrame1EditBox:SetText(RPSCoreFramework.Minstrel[self:GetName()][2]);
			--	ChatFrame1EditBox:HighlightText();
        	</OnClick>
        	<OnShow>
			self.icon:SetTexture(RPSCoreFramework.Minstrel[self:GetName()][1]);
			self.Text:SetText(RPSCoreFramework.Minstrel[self:GetName()][3]);
        	</OnShow>
		<OnEnter>
			GameTooltip:SetOwner(self, "ANCHOR_CURSOR");
			GameTooltip:AddLine(RPSCoreFramework.Minstrel[self:GetName()][2]);
			GameTooltip:AddLine(" ");
			GameTooltip:AddLine(RPSCoreFramework.Minstrel[self:GetName()][3], 1,1,1, true);
			GameTooltip:Show();
		</OnEnter>
		<OnLeave>
			GameTooltip:Hide();
		</OnLeave>
        </Scripts>

		<HighlightTexture file="Interface\Buttons\UI-Silver-Button-Highlight" alphaMode="ADD">
            <Anchors>
                <Anchor point="TOPLEFT" x="30" y="3"/>
                <Anchor point="BOTTOMRIGHT" x="10" y="-3"/>
            </Anchors>
			<TexCoords left="0" right="1.0" top="0.03" bottom="0.7175"/>
		</HighlightTexture>
    </Button>

    <Button name="GuildInfoSalaryTemplate" inherits="TabButtonTemplate" virtual="true">
        <Scripts>
        	<OnClick>
			PanelTemplates_Tab_OnClick(self, GuildInfoFrame);
			GuildInfoFrame_Update();
			PlaySound(SOUNDKIT.IG_MAINMENU_OPTION_CHECKBOX_ON);
        	</OnClick>
        </Scripts>
    </Button>

	<Frame name="SalaryChangeTemplate" virtual="true" hidden="true">
		<Size x="295" y="24"/>
		<Frames>
			<EditBox name="$parentNameEditBox" autoFocus="false" historyLines="1" letters="5" inherits="InputBoxTemplate" parentKey="nameBox">
				<Size  x="65" y="32"/>
				<Anchors>
					<Anchor point="LEFT" x="65" y="0"/>
				</Anchors>
				<Scripts>
					<OnEditFocusGained>
						self.startName = self:GetText();
					</OnEditFocusGained>
					<OnEnterPressed>
						self:ClearFocus();
					</OnEnterPressed>
					<OnEscapePressed>
						self:SetText(self.startName);
						self:ClearFocus();
					</OnEscapePressed>
					<OnTextChanged>
						if tonumber(self:GetText()) ~= nil or self:GetText() == "" then
							self:SetTextColor(0,1,0,1);
						else
							self:SetTextColor(1,0,0,1);
						end
					</OnTextChanged>
					<OnEditFocusLost>
						local text = self:GetText();
						if ( self.startName ~= text and text ~= "" and tonumber(self:GetText()) ~= nil and RPSCoreFramework:isvalid(tonumber(text))) then
							RPSCoreFramework.SalaryByRank[tostring(self:GetParent():GetID())] = tonumber(text);
							self:SetText(tonumber(text));
						else
							if (self.startName ~= nil and self.startName ~= "") then
								self:SetText(self.startName);
							else
								self:SetText("0");
								RPSCoreFramework.SalaryByRank[tostring(self:GetParent():GetID())] = 0;
								self:SetTextColor(1, 1, 1, 1);
							end
						end
						self.startName = nil;
						self:SetTextColor(1, 1, 1, 1);
					</OnEditFocusLost>
				</Scripts>
			</EditBox>
			<Button name="$parentSetupButton" inherits="MagicButtonTemplate" text="Установить" motionScriptsWhileDisabled="true" parentKey="setup">
				<Anchors>
					<Anchor point="RIGHT" relativeTo="$parentNameEditBox" relativePoint="RIGHT" x="85" y="0"/>
				</Anchors>
				<Scripts>
					<OnEnter>
						GameTooltip:SetOwner(self, "ANCHOR_RIGHT");
						if ( self:IsEnabled() ) then
							GameTooltip:SetText("Нажмите для установки заданного значения заработной платы.");
						elseif ( self.tooltip ) then
							GameTooltip:SetText(self.tooltip, nil, nil, nil, nil, true);
						end
					</OnEnter>
					<OnLeave>
						GameTooltip:Hide();
					</OnLeave>
					<OnClick>
						self:GetParent().nameBox:ClearFocus();
						RPSCoreFramework:SetGuildSalaryToRank(self:GetParent():GetID());
					</OnClick>
				</Scripts>
			</Button>		
		</Frames>
		<Layers>
			<Layer level="OVERLAY">
				<FontString inherits="GameFontNormal" text="RANK" justifyH="RIGHT" parentKey="rankLabel">
					<Size  x="0" y="12"/>
					<Anchors>
						<Anchor point="RIGHT" relativeTo="$parentNameEditBox" relativePoint="LEFT" x="-18" y="0"/>
					</Anchors>
				</FontString>
			</Layer>
		</Layers>
	</Frame>

    <Button name="DaystrikeButton" virtual="true">
        <Size x="80" y="80"/>
        <NormalTexture atlas="mountequipment-slot-background">
        </NormalTexture>
        <PushedTexture atlas="mountequipment-slot-background">
        </PushedTexture>
        <!--<HighlightTexture atlas="mountequipment-slot-corners" alphaMode="ADD">
        </HighlightTexture>-->
        <Layers>
        	<Layer level="OVERLAY">
                <Texture name="$parentSeal" atlas="Quest-Legionfall-WaxSeal" hidden="true">
                	<Size x="52" y="49"/>
                    <Anchors>
                        <Anchor point="CENTER" y="-2"/>
                    </Anchors>
                </Texture>
        	</Layer>
        </Layers>
    </Button>

    <Button name="POIInfoButton" virtual="true">
        <Size x="209" y="46"/>
        <NormalTexture atlas="friendslist-categorybutton">
        </NormalTexture>
        <PushedTexture atlas="friendslist-categorybutton">
        </PushedTexture>
        <HighlightTexture atlas="128-RedButton-Highlight" alphaMode="ADD">
        </HighlightTexture>
        <Layers>
        	<Layer level="OVERLAY">
                <Texture name="$parentPOITex" file="Interface\AddOns\RPSDarkmoon\resources\POI\inn">
                	<Size x="20" y="20"/>
                    <Anchors>
                        <Anchor point="LEFT" x="10" y="7"/>
                    </Anchors>
                </Texture>
        	</Layer>
			<Layer level="OVERLAY">
				<FontString name="$parentID" inherits="GameFontNormal" text="1" justifyH="CENTER" parentKey="IDLabel">
					<FontHeight val="6"/>
					<Anchors>
						<Anchor point="CENTER" relativePoint="BOTTOMLEFT" x="19" y="12"/>
					</Anchors>
				</FontString>
				<FontString name="$parentTitle" inherits="GameFontNormal" text="Таверна «Печальный отшельник»" justifyH="LEFT" parentKey="TitleLabel">
					<FontHeight val="6"/>
					<Anchors>
						<Anchor point="TOPLEFT" relativePoint="LEFT" x="40" y="15"/>
						<Anchor point="BOTTOMRIGHT" relativePoint="RIGHT" x="-5" y="0"/>
					</Anchors>
				</FontString>
				<FontString name="$parentDescription" inherits="GameFontNormal" text="Владелец: Амиел. 80 з. 4 уровень." justifyH="LEFT" parentKey="DescriptionLabel">
					<FontHeight val="5"/>
					<Anchors>
						<Anchor point="TOPLEFT" relativePoint="LEFT" x="40" y="-15"/>
						<Anchor point="BOTTOMRIGHT" relativePoint="RIGHT" x="-5" y="0"/>
					</Anchors>
				</FontString>
			</Layer>
        </Layers>
        <Scripts> 
		<OnEnter>
			GameTooltip:SetOwner(self, "ANCHOR_CURSOR");
			GameTooltip:AddLine("|TInterface\\AddOns\\RPSDarkmoon\\resources\\POI\\"..self.FuncTable[5]..":0|t "..self.FuncTable[7]);
			GameTooltip:AddLine(self.FuncTable[8], 1,1,1, true);
			GameTooltip:AddLine("|cFFFF8040Локация:|r "..GetRealZoneText(self.FuncTable[2]), 1,1,1, true);
			GameTooltip:Show();
		</OnEnter>
		<OnLeave>
			GameTooltip:Hide();
		</OnLeave>
        </Scripts>
    </Button>

    <Button name="CharDispButton" virtual="true">
        <Size x="198" y="36"/>
        <NormalTexture atlas="Garr_MissionToast-Blank">
        </NormalTexture>
        <PushedTexture atlas="Garr_MissionToast-Blank">
        </PushedTexture>
        <HighlightTexture atlas="128-RedButton-Highlight" alphaMode="ADD">
        </HighlightTexture>
        <Layers>
        	<Layer level="OVERLAY">
                <Texture name="$parentMod" atlas="Garr_FollowerToast-Epic" alphaMode="ALPHAKEY" parentKey="Mod">
                    <Anchors>
                        <Anchor point="TOPLEFT" x="0" y="0"/>
                        <Anchor point="BOTTOMRIGHT" x="0" y="0"/>
                    </Anchors>
                </Texture>
        	</Layer>
        	<Layer level="OVERLAY">
                <Texture name="$parentPOITex" file="Interface\AddOns\RPSDarkmoon\resources\POI\inn" parentKey="Tex">
                	<Size x="20" y="20"/>
                    <Anchors>
                        <Anchor point="LEFT" x="10" y="7"/>
                    </Anchors>
                </Texture>
        	</Layer>
			<Layer level="OVERLAY">
				<FontString name="$parentID" inherits="GameFontNormal" text="99" justifyH="CENTER" parentKey="IDLabel">
					<FontHeight val="6"/>
					<Anchors>
						<Anchor point="CENTER" relativePoint="BOTTOMLEFT" x="19" y="10"/>
					</Anchors>
				</FontString>
				<FontString name="$parentTitle" inherits="GameFontNormal" text="Slutmog" justifyH="LEFT" parentKey="TitleLabel">
					<FontHeight val="6"/>
					<Anchors>
						<Anchor point="TOPLEFT" relativePoint="LEFT" x="40" y="15"/>
						<Anchor point="BOTTOMRIGHT" relativePoint="RIGHT" x="-5" y="0"/>
					</Anchors>
				</FontString>
				<FontString name="$parentDescription" inherits="GameFontNormal" text="For real man" justifyH="LEFT" parentKey="DescriptionLabel">
					<FontHeight val="5"/>
					<Anchors>
						<Anchor point="TOPLEFT" relativePoint="LEFT" x="40" y="-15"/>
						<Anchor point="BOTTOMRIGHT" relativePoint="RIGHT" x="-5" y="0"/>
					</Anchors>
				</FontString>
			</Layer>
        </Layers>
        <Scripts>
		<OnEnter>
			GameTooltip:SetOwner(self, "ANCHOR_CURSOR");
			GameTooltip:AddLine(self.Title);
			GameTooltip:AddLine(self.Description, 1,1,1, true);
			GameTooltip:Show();
		</OnEnter>
		<OnLeave>
			GameTooltip:Hide();
		</OnLeave>
        	<OnClick>
        		RPSCoreFramework.DispButtonFrame = self;
        		RPSCoreFramework:DispRemoveItemTexture(0, true);
        		RPSCoreFramework:ClearDispModel(0);
        		RPSCoreFramework:ScheduleTimer("ApplyDispTimer",0.5);
        		RPSCoreFramework:ApplyTransmogSet(self);
        		SetCursor("Interface/CURSOR/Interact");
        	</OnClick>
        </Scripts>
    </Button>
    <Frame name="DarkmoonTransmogButton" virtual="true">
        <Size x="35" y="37"/>
        <Layers>
        	<Layer level="OVERLAY">
                <Texture parentKey="Normal" atlas="transmog-nav-slot-shirt">
                    <Anchors>
                        <Anchor point="TOPLEFT"/>
                        <Anchor point="BOTTOMRIGHT"/>
                    </Anchors>
                </Texture>
        	</Layer>
        	<Layer>
                <Texture parentKey="Main" atlas="transmog-nav-slot-shirt">
                    <Anchors>
                        <Anchor point="TOPLEFT"/>
                        <Anchor point="BOTTOMRIGHT"/>
                    </Anchors>
                </Texture>
            </Layer>
        </Layers>
        <Frames>
        	<Button name="$parentDummy">
        		<HighlightTexture atlas="transmog-icon-hidden" alphaMode="ADD"/>
        		<Anchors>
					<Anchor point="TOPLEFT" x="0" y="0"/>
					<Anchor point="BOTTOMRIGHT" x="0" y="0"/>
        		</Anchors>
        		<Scripts>
        			<OnLoad>
        				self:RegisterForClicks("LeftButtonUp", "RightButtonUp");
        			</OnLoad>
	        		<OnEnter>
	        			RPSCoreFramework:ShowDispalyItemTooltip(self:GetParent());
	        		</OnEnter>
	        		<OnLeave>
	        			GameTooltip:Hide();
	        		</OnLeave>
	        		<OnClick>
	        			if (button == "LeftButton" and IsShiftKeyDown() and self:GetParent().DispID ~= "0") then
	        				RPSCoreFramework:DispInsertItemLink(self:GetParent().DispID);
	        			elseif(button == "RightButton") then
	        				self:GetParent().DispID = "0";
	        				RPSCoreFramework:ClearDispModel(self:GetParent():GetID());
	        				RPSCoreFramework:DispSetClearItemTexture(self:GetParent());
	        			end
	        		</OnClick>
	        	</Scripts>
        	</Button>
        </Frames>
    </Frame>

    <Frame name="WIPFrame" enableMouse="true" virtual="true">
        <Backdrop bgFile="Interface\TutorialFrame\TutorialFrameBackground" edgeFile="Interface\Tooltips\UI-Tooltip-Border" tile="true">
            <EdgeSize val="16" />
            <TileSize val="418" />
            <BackgroundInsets left="3" right="3" top="5" bottom="3"/>
        </Backdrop>
        <Layers>
            <Layer level="BORDER">
                <Texture parentKey="flash1" alphaMode="ADD" file="Interface\UNITPOWERBARALT\PandarenTrainingLarge_Circular_Flash" alpha="0.5">
                    <Size x="200" y="200"/>
                    <Anchors>
                        <Anchor point="CENTER" x="0" y="0"/>
                    </Anchors>
                </Texture>
                <Texture parentKey="flash2" alphaMode="ADD" file="Interface\UNITPOWERBARALT\PandarenTrainingLarge_Circular_Flash" alpha="0.5">
                    <Size x="300" y="300"/>
                    <Anchors>
                        <Anchor point="CENTER" x="0" y="0"/>
                    </Anchors>
                </Texture>
            </Layer>
            <Layer><!-- interface/dialogframe/ui-dialog-icon-alertother -->
                <Texture parentKey="Gear1" file="interface/dialogframe/ui-dialog-icon-alertother">
                    <!--<Color r="0" g="0" b="0" a="1"/>-->
                    <Size x="96" y="96"/>
                    <Anchors>
                        <Anchor point="CENTER" x="0" y="0"/>
                    </Anchors>
                </Texture>
            </Layer>
            <Layer>
                <FontString parentKey="Text" font="Fonts\FRIZQT___CYR.TTF" text="Загрузка" justifyH="CENTER" justifyV="CENTER">
                    <Color r="0.9" g="0" b="0" a="1"/>
                    <FontHeight val="18"/>
                    <Anchors>
                        <Anchor point="CENTER" relativeTo="$parent" x="0" y="-60" />
                    </Anchors>
                    <Shadow>
                        <Offset x="1" y="-1" />
                        <Color a="0.9" r="0.2" g="0.2" b="0.2"/>
                    </Shadow>
                </FontString>
            </Layer>
        </Layers>

        <Animations>
            <AnimationGroup parentKey="fadeOut" setToFinalAlpha="true">
                <Alpha duration="1" toAlpha="0" fromAlpha="1"/>
                <Scripts>
                    <OnFinished>
                        self:Hide();
                    </OnFinished>
                </Scripts>
            </AnimationGroup>
            <AnimationGroup parentKey="fadeIn" setToFinalAlpha="true">
                <Alpha duration="0" fromAlpha="1" toAlpha="0"/>
                <Alpha duration="0.5" fromAlpha="0" toAlpha="1"/>
            </AnimationGroup>
            <AnimationGroup parentKey="content">
                <Rotation parentKey="flash1Rotation" targetKey="$parent.$parent.flash1" degrees="-90"/>
                <Rotation parentKey="flash2Rotation" targetKey="$parent.$parent.flash2" degrees="90"/>
                <Scale duration="1" targetKey="flash1" scaleX="2.5" scaleY="2.5"/>
                <Scale duration="1" targetKey="flash2" scaleX="2.5" scaleY="2.5"/>
                <!--<Rotation parentKey="GearRotation" targetKey="$parent.$parent.Gear1" degrees="-360"/>-->
            </AnimationGroup>
        </Animations>
    </Frame>

	<Button name="RPSEnchantButton" virtual="true">
		<Size x="256" y="64"/>
		<NormalTexture atlas="auctionhouse-nav-button"/>
		<PushedTexture atlas="auctionhouse-nav-button">
            <Size x="256" y="64"/>
            <Anchors>
                <Anchor point="CENTER">
                    <Offset>
                        <AbsDimension x="-1" y="-1"/>
                    </Offset>
                </Anchor>
            </Anchors>
        </PushedTexture>
		<HighlightTexture atlas="auctionhouse-nav-button-select">
		    <Size x="253" y="44"/>
            <Anchors>
                <Anchor point="CENTER">
                    <Offset>
                        <AbsDimension x="0" y="10"/>
                    </Offset>
                </Anchor>
            </Anchors>
		</HighlightTexture>
		<Layers>
			<Layer level="OVERLAY">
				<Texture parentKey="Background">
					<Anchors>
						<Anchor point="TOPLEFT" x="3" y="-2"/>
						<Anchor point="BOTTOMRIGHT" x="-3" y="10"/>
					</Anchors>
				</Texture>
			</Layer>
			<Layer level="OVERLAY">
				<FontString parentKey="IDLabel" text="[ID]" inherits="GameFontNormal" wordwrap="false">
					<Anchors>
						<Anchor relativePoint="LEFT" point="LEFT" x="10" y="9"/>
					</Anchors>
					<Color r="0.95" g="0.95" b="0.95"/>
				</FontString>
			</Layer>
			<Layer level="OVERLAY">
				<FontString parentKey="TitleLabel" text="[TEXT]" inherits="GameFontNormal" wordwrap="false" hidden="true">
					<Anchors>
						<Anchor relativeKey="$parent.IDLabel" relativePoint="TOPRIGHT" point="TOPLEFT" x="10" y="0"/>
					</Anchors>
					<Color r="0.95" g="0.95" b="0.95"/>
				</FontString>
			</Layer>
		</Layers>
		<Frames>
			<Button name="$parentMainhand" inherits="UIPanelButtonTemplate" text="Mainhand">
				<Size x="70" y="20"/>
				<Anchors>
					<Anchor relativePoint="CENTER" point="CENTER" x="-40" y="-10"/>
				</Anchors>
				<Scripts>
					<OnClick>
						RPSCoreFramework.Display.Enchants[1][2] = tostring(self:GetParent().IDLabel:GetText());
						RPSCoreFramework:SendCoreMessage("enchant mainhand "..self:GetParent().IDLabel:GetText());
					</OnClick>
				</Scripts>
			</Button>
			<Button name="$parentOffhand" inherits="UIPanelButtonTemplate" text="Offhand">
				<Size x="70" y="20"/>
				<Anchors>
					<Anchor relativePoint="CENTER" point="CENTER" x="40" y="-10"/>
				</Anchors>
				<Scripts>
					<OnClick>
						RPSCoreFramework.Display.Enchants[2][2] = tostring(self:GetParent().IDLabel:GetText());
						RPSCoreFramework:SendCoreMessage("enchant offhand "..self:GetParent().IDLabel:GetText());
					</OnClick>
				</Scripts>
			</Button>
		</Frames>
		<Scripts>
			<OnLoad>
				self:RegisterForClicks("LeftButtonUp", "RightButtonUp");
			</OnLoad>
			<OnEnter>
				GameTooltip:SetOwner(self, "ANCHOR_CURSOR");
				GameTooltip:AddLine(self.Title);
				GameTooltip:AddLine(" ");
				GameTooltip:AddLine(self.Description, 1,1,1, true);
				GameTooltip:AddLine("ЛКМ\\ПКМ наложить чары на оружие в главной\\второй руке", 1,0.61,0, true);
				GameTooltip:Show();
			</OnEnter>
			<OnLeave>
				GameTooltip:Hide();
			</OnLeave>
			<OnClick>
				if (button == "RightButton") then
					RPSCoreFramework.Display.Enchants[2][2] = tostring(self.IDLabel:GetText());
					RPSCoreFramework:SendCoreMessage("enchant offhand "..self.IDLabel:GetText());
					RPSCoreFramework:EnchantButtonTextUpdate("off", "Снять зачарование №"..tostring(self.IDLabel:GetText()).." с второй руки");
				elseif (button == "LeftButton") then
					RPSCoreFramework.Display.Enchants[1][2] = tostring(self.IDLabel:GetText());
					RPSCoreFramework:SendCoreMessage("enchant mainhand "..self.IDLabel:GetText());
					RPSCoreFramework:EnchantButtonTextUpdate("main", "Снять зачарование №"..tostring(self.IDLabel:GetText()).." с главной руки");
				end
			</OnClick>
		</Scripts>
	</Button>

</Ui>
